# Blender 4.3.2
# www.blender.org
mtllib mystreets_dome_light.mtl
o Cylinder
v -0.100145 0.187740 0.002163
v -0.100145 0.496493 0.002163
v -0.098223 0.187740 -0.017346
v -0.098223 0.496493 -0.017346
v -0.092533 0.187740 -0.036106
v -0.092533 0.496493 -0.036106
v -0.083292 0.187740 -0.053394
v -0.083292 0.496493 -0.053394
v -0.070855 0.187740 -0.068548
v -0.070855 0.496493 -0.068548
v -0.055702 0.187740 -0.080984
v -0.055702 0.496493 -0.080984
v -0.038413 0.187740 -0.090225
v -0.038413 0.496493 -0.090225
v -0.019654 0.187740 -0.095916
v -0.019654 0.496493 -0.095916
v -0.000145 0.187740 -0.097837
v -0.000145 0.496493 -0.097837
v 0.019364 0.187740 -0.095916
v 0.019364 0.496493 -0.095916
v 0.038124 0.187740 -0.090225
v 0.038124 0.496493 -0.090225
v 0.055412 0.187740 -0.080984
v 0.055412 0.496493 -0.080984
v 0.070566 0.187740 -0.068548
v 0.070566 0.496493 -0.068548
v 0.083002 0.187740 -0.053394
v 0.083002 0.496493 -0.053394
v 0.092243 0.187740 -0.036106
v 0.092243 0.496493 -0.036106
v 0.097934 0.187740 -0.017346
v 0.097934 0.496493 -0.017346
v 0.099855 0.187740 0.002163
v 0.099855 0.496493 0.002163
v 0.097934 0.187740 0.021672
v 0.097934 0.496493 0.021672
v 0.092243 0.187740 0.040431
v 0.092243 0.496493 0.040431
v 0.083002 0.187740 0.057720
v 0.083002 0.496493 0.057720
v 0.070566 0.187740 0.072873
v 0.070566 0.496493 0.072873
v 0.055412 0.187740 0.085310
v 0.055412 0.496493 0.085310
v 0.038124 0.187740 0.094551
v 0.038124 0.496493 0.094551
v 0.019364 0.187740 0.100241
v 0.019364 0.496493 0.100241
v -0.000145 0.187740 0.102163
v -0.000145 0.496493 0.102163
v -0.019654 0.187740 0.100241
v -0.019654 0.496493 0.100241
v -0.038413 0.187740 0.094551
v -0.038413 0.496493 0.094551
v -0.055702 0.187740 0.085310
v -0.055702 0.496493 0.085310
v -0.070855 0.187740 0.072873
v -0.070855 0.496493 0.072873
v -0.083292 0.187740 0.057720
v -0.083292 0.496493 0.057720
v -0.092533 0.187740 0.040431
v -0.092533 0.496493 0.040431
v -0.098223 0.187740 0.021672
v -0.098223 0.496493 0.021672
vn -0.9952 -0.0000 -0.0980
vn -0.9569 -0.0000 -0.2903
vn -0.8819 -0.0000 -0.4714
vn -0.7730 -0.0000 -0.6344
vn -0.6344 -0.0000 -0.7730
vn -0.4714 -0.0000 -0.8819
vn -0.2903 -0.0000 -0.9569
vn -0.0980 -0.0000 -0.9952
vn 0.0980 -0.0000 -0.9952
vn 0.2903 -0.0000 -0.9569
vn 0.4714 -0.0000 -0.8819
vn 0.6344 -0.0000 -0.7730
vn 0.7730 -0.0000 -0.6344
vn 0.8819 -0.0000 -0.4714
vn 0.9569 -0.0000 -0.2903
vn 0.9952 -0.0000 -0.0980
vn 0.9952 -0.0000 0.0980
vn 0.9569 -0.0000 0.2903
vn 0.8819 -0.0000 0.4714
vn 0.7730 -0.0000 0.6344
vn 0.6344 -0.0000 0.7730
vn 0.4714 -0.0000 0.8819
vn 0.2903 -0.0000 0.9569
vn 0.0980 -0.0000 0.9952
vn -0.0980 -0.0000 0.9952
vn -0.2903 -0.0000 0.9569
vn -0.4714 -0.0000 0.8819
vn -0.6344 -0.0000 0.7730
vn -0.7730 -0.0000 0.6344
vn -0.8819 -0.0000 0.4714
vn -0.0000 1.0000 -0.0000
vn -0.9569 -0.0000 0.2903
vn -0.9952 -0.0000 0.0980
vn -0.0000 -1.0000 -0.0000
vt 0.492980 0.377737
vt 0.492980 0.000000
vt 0.512921 0.000000
vt 0.512921 0.377737
vt 0.529880 0.000000
vt 0.529880 0.377737
vt 0.185510 0.377737
vt 0.185510 0.000000
vt 0.205451 0.000000
vt 0.205451 0.377737
vt 0.227609 0.000000
vt 0.227609 0.377737
vt 0.251131 0.000000
vt 0.251131 0.377737
vt 0.275114 0.000000
vt 0.275114 0.377737
vt 0.298637 0.000000
vt 0.298637 0.377737
vt 0.320795 0.000000
vt 0.320795 0.377737
vt 0.340736 0.000000
vt 0.340736 0.377737
vt 0.357695 0.000000
vt 0.357695 0.377737
vt -0.000000 0.377737
vt -0.000000 -0.000000
vt 0.013324 0.000000
vt 0.013324 0.377737
vt 0.030283 0.000000
vt 0.030283 0.377737
vt 0.050225 0.000000
vt 0.050225 0.377737
vt 0.072382 0.000000
vt 0.072382 0.377737
vt 0.095905 0.000000
vt 0.095905 0.377737
vt 0.119888 0.000000
vt 0.119888 0.377737
vt 0.143411 0.000000
vt 0.143411 0.377737
vt 0.165568 0.000000
vt 0.165568 0.377737
vt 0.185510 0.000000
vt 0.185510 0.377737
vt 0.549821 0.000000
vt 0.549821 0.377737
vt 0.571979 0.000000
vt 0.571979 0.377737
vt 0.595502 0.000000
vt 0.595502 0.377737
vt 0.619485 0.000000
vt 0.619485 0.377737
vt 0.643007 0.000000
vt 0.643007 0.377737
vt 0.665165 0.000000
vt 0.665165 0.377737
vt 0.685107 0.000000
vt 0.685107 0.377737
vt 0.357695 0.377737
vt 0.377636 0.000000
vt 0.377636 0.377737
vt 0.399794 0.000000
vt 0.399794 0.377737
vt 0.423316 0.000000
vt 0.423316 0.377737
vt 0.447300 0.000000
vt 0.447300 0.377737
vt 0.248186 0.535004
vt 0.243507 0.511482
vt 0.243507 0.487498
vt 0.248186 0.463976
vt 0.257364 0.441818
vt 0.270688 0.421877
vt 0.287647 0.404918
vt 0.307588 0.391594
vt 0.329746 0.382416
vt 0.353268 0.377737
vt 0.377252 0.377737
vt 0.400774 0.382416
vt 0.422932 0.391594
vt 0.442873 0.404918
vt 0.459832 0.421877
vt 0.473156 0.441818
vt 0.482334 0.463976
vt 0.487013 0.487498
vt 0.487013 0.511482
vt 0.482334 0.535004
vt 0.473156 0.557162
vt 0.459832 0.577103
vt 0.442873 0.594062
vt 0.422932 0.607387
vt 0.400774 0.616565
vt 0.377252 0.621243
vt 0.353268 0.621243
vt 0.329746 0.616565
vt 0.307588 0.607386
vt 0.287647 0.594062
vt 0.270688 0.577103
vt 0.257364 0.557162
vt 0.470822 0.000000
vt 0.470822 0.377737
vt 0.027181 0.577103
vt 0.013857 0.557162
vt 0.004679 0.535004
vt 0.000000 0.511482
vt 0.000000 0.487498
vt 0.004679 0.463976
vt 0.013857 0.441818
vt 0.027181 0.421877
vt 0.044140 0.404918
vt 0.064082 0.391594
vt 0.086239 0.382416
vt 0.109762 0.377737
vt 0.133745 0.377737
vt 0.157267 0.382416
vt 0.179425 0.391594
vt 0.199367 0.404918
vt 0.216325 0.421877
vt 0.229650 0.441818
vt 0.238828 0.463976
vt 0.243507 0.487498
vt 0.243507 0.511482
vt 0.238828 0.535004
vt 0.229650 0.557162
vt 0.216325 0.577103
vt 0.199367 0.594062
vt 0.179425 0.607387
vt 0.157267 0.616565
vt 0.133745 0.621243
vt 0.109762 0.621243
vt 0.086239 0.616565
vt 0.064082 0.607387
vt 0.044140 0.594062
s 0
f 1/1/1 2/2/1 4/3/1 3/4/1
f 3/4/2 4/3/2 6/5/2 5/6/2
f 5/7/3 6/8/3 8/9/3 7/10/3
f 7/10/4 8/9/4 10/11/4 9/12/4
f 9/12/5 10/11/5 12/13/5 11/14/5
f 11/14/6 12/13/6 14/15/6 13/16/6
f 13/16/7 14/15/7 16/17/7 15/18/7
f 15/18/8 16/17/8 18/19/8 17/20/8
f 17/20/9 18/19/9 20/21/9 19/22/9
f 19/22/10 20/21/10 22/23/10 21/24/10
f 21/25/11 22/26/11 24/27/11 23/28/11
f 23/28/12 24/27/12 26/29/12 25/30/12
f 25/30/13 26/29/13 28/31/13 27/32/13
f 27/32/14 28/31/14 30/33/14 29/34/14
f 29/34/15 30/33/15 32/35/15 31/36/15
f 31/36/16 32/35/16 34/37/16 33/38/16
f 33/38/17 34/37/17 36/39/17 35/40/17
f 35/40/18 36/39/18 38/41/18 37/42/18
f 37/42/19 38/41/19 40/43/19 39/44/19
f 39/6/20 40/5/20 42/45/20 41/46/20
f 41/46/21 42/45/21 44/47/21 43/48/21
f 43/48/22 44/47/22 46/49/22 45/50/22
f 45/50/23 46/49/23 48/51/23 47/52/23
f 47/52/24 48/51/24 50/53/24 49/54/24
f 49/54/25 50/53/25 52/55/25 51/56/25
f 51/56/26 52/55/26 54/57/26 53/58/26
f 53/59/27 54/23/27 56/60/27 55/61/27
f 55/61/28 56/60/28 58/62/28 57/63/28
f 57/63/29 58/62/29 60/64/29 59/65/29
f 59/65/30 60/64/30 62/66/30 61/67/30
f 4/68/31 2/69/31 64/70/31 62/71/31 60/72/31 58/73/31 56/74/31 54/75/31 52/76/31 50/77/31 48/78/31 46/79/31 44/80/31 42/81/31 40/82/31 38/83/31 36/84/31 34/85/31 32/86/31 30/87/31 28/88/31 26/89/31 24/90/31 22/91/31 20/92/31 18/93/31 16/94/31 14/95/31 12/96/31 10/97/31 8/98/31 6/99/31
f 61/67/32 62/66/32 64/100/32 63/101/32
f 63/101/33 64/100/33 2/2/33 1/1/33
f 1/102/34 3/103/34 5/104/34 7/105/34 9/106/34 11/107/34 13/108/34 15/109/34 17/110/34 19/111/34 21/112/34 23/113/34 25/114/34 27/115/34 29/116/34 31/117/34 33/118/34 35/119/34 37/120/34 39/121/34 41/122/34 43/123/34 45/124/34 47/125/34 49/126/34 51/127/34 53/128/34 55/129/34 57/130/34 59/131/34 61/132/34 63/133/34
o Cylinder.001
v -0.265311 -0.285705 0.001404
v -0.284962 -0.266149 0.001404
v -0.269145 -0.285329 0.001404
v -0.272831 -0.284216 0.001404
v -0.276228 -0.282409 0.001404
v -0.279206 -0.279977 0.001404
v -0.281650 -0.277013 0.001404
v -0.283466 -0.273632 0.001404
v -0.284584 -0.269964 0.001404
v -0.260262 -0.285705 -0.049856
v -0.279535 -0.266149 -0.053690
v -0.264022 -0.285329 -0.050604
v -0.267638 -0.284216 -0.051323
v -0.270970 -0.282409 -0.051986
v -0.273891 -0.279977 -0.052567
v -0.276287 -0.277013 -0.053044
v -0.278068 -0.273632 -0.053398
v -0.279165 -0.269964 -0.053616
v -0.245310 -0.285705 -0.099146
v -0.263465 -0.266149 -0.106666
v -0.248852 -0.285329 -0.100614
v -0.252258 -0.284216 -0.102024
v -0.255397 -0.282409 -0.103324
v -0.258148 -0.279977 -0.104464
v -0.260406 -0.277013 -0.105399
v -0.262083 -0.273632 -0.106094
v -0.263116 -0.269964 -0.106522
v -0.221030 -0.285705 -0.144573
v -0.237368 -0.266149 -0.155490
v -0.224217 -0.285329 -0.146703
v -0.227282 -0.284216 -0.148751
v -0.230107 -0.282409 -0.150638
v -0.232583 -0.279977 -0.152292
v -0.234615 -0.277013 -0.153650
v -0.236125 -0.273632 -0.154659
v -0.237054 -0.269964 -0.155280
v -0.188353 -0.285705 -0.184389
v -0.202248 -0.266149 -0.198284
v -0.191064 -0.285329 -0.187100
v -0.193670 -0.284216 -0.189707
v -0.196073 -0.282409 -0.192109
v -0.198178 -0.279977 -0.194214
v -0.199906 -0.277013 -0.195942
v -0.201190 -0.273632 -0.197226
v -0.201981 -0.269964 -0.198017
v -0.148537 -0.285705 -0.217066
v -0.159454 -0.266149 -0.233404
v -0.150667 -0.285329 -0.220253
v -0.152715 -0.284216 -0.223318
v -0.154602 -0.282409 -0.226143
v -0.156256 -0.279977 -0.228619
v -0.157614 -0.277013 -0.230651
v -0.158623 -0.273632 -0.232161
v -0.159244 -0.269964 -0.233091
v -0.103110 -0.285705 -0.241346
v -0.110630 -0.266149 -0.259501
v -0.104577 -0.285329 -0.244888
v -0.105988 -0.284216 -0.248294
v -0.107288 -0.282409 -0.251433
v -0.108428 -0.279977 -0.254184
v -0.109363 -0.277013 -0.256442
v -0.110058 -0.273632 -0.258119
v -0.110486 -0.269964 -0.259152
v -0.053820 -0.285705 -0.256298
v -0.057654 -0.266149 -0.275571
v -0.054568 -0.285329 -0.260058
v -0.055287 -0.284216 -0.263674
v -0.055950 -0.282409 -0.267006
v -0.056531 -0.279977 -0.269927
v -0.057008 -0.277013 -0.272323
v -0.057362 -0.273632 -0.274104
v -0.057580 -0.269964 -0.275201
v -0.002560 -0.285705 -0.261347
v -0.002560 -0.266149 -0.280998
v -0.002560 -0.285329 -0.265181
v -0.002560 -0.284216 -0.268867
v -0.002560 -0.282409 -0.272264
v -0.002560 -0.279977 -0.275242
v -0.002560 -0.277013 -0.277686
v -0.002560 -0.273632 -0.279502
v -0.002560 -0.269964 -0.280620
v 0.048700 -0.285705 -0.256298
v 0.052534 -0.266149 -0.275571
v 0.049448 -0.285329 -0.260058
v 0.050167 -0.284216 -0.263674
v 0.050830 -0.282409 -0.267006
v 0.051411 -0.279977 -0.269927
v 0.051888 -0.277013 -0.272323
v 0.052242 -0.273632 -0.274104
v 0.052460 -0.269964 -0.275201
v 0.097991 -0.285705 -0.241346
v 0.105511 -0.266149 -0.259501
v 0.099458 -0.285329 -0.244888
v 0.100868 -0.284216 -0.248294
v 0.102169 -0.282409 -0.251433
v 0.103308 -0.279977 -0.254184
v 0.104243 -0.277013 -0.256442
v 0.104938 -0.273632 -0.258119
v 0.105366 -0.269964 -0.259152
v 0.143417 -0.285705 -0.217066
v 0.154334 -0.266149 -0.233404
v 0.145547 -0.285329 -0.220253
v 0.147595 -0.284216 -0.223318
v 0.149482 -0.282409 -0.226143
v 0.151137 -0.279977 -0.228619
v 0.152494 -0.277013 -0.230651
v 0.153503 -0.273632 -0.232161
v 0.154124 -0.269964 -0.233091
v 0.183233 -0.285705 -0.184389
v 0.197128 -0.266149 -0.198284
v 0.185944 -0.285329 -0.187100
v 0.188551 -0.284216 -0.189706
v 0.190953 -0.282409 -0.192109
v 0.193059 -0.279977 -0.194214
v 0.194787 -0.277013 -0.195942
v 0.196071 -0.273632 -0.197226
v 0.196861 -0.269964 -0.198017
v 0.215910 -0.285705 -0.144573
v 0.232249 -0.266149 -0.155490
v 0.219097 -0.285329 -0.146703
v 0.222162 -0.284216 -0.148751
v 0.224987 -0.282409 -0.150638
v 0.227463 -0.279977 -0.152292
v 0.229495 -0.277013 -0.153650
v 0.231005 -0.273632 -0.154659
v 0.231935 -0.269964 -0.155280
v 0.240191 -0.285705 -0.099146
v 0.258345 -0.266149 -0.106666
v 0.243732 -0.285329 -0.100613
v 0.247138 -0.284216 -0.102024
v 0.250277 -0.282409 -0.103324
v 0.253028 -0.279977 -0.104464
v 0.255286 -0.277013 -0.105399
v 0.256963 -0.273632 -0.106094
v 0.257997 -0.269964 -0.106522
v 0.255143 -0.285705 -0.049856
v 0.274416 -0.266149 -0.053690
v 0.258903 -0.285329 -0.050604
v 0.262518 -0.284216 -0.051323
v 0.265850 -0.282409 -0.051986
v 0.268771 -0.279977 -0.052567
v 0.271168 -0.277013 -0.053044
v 0.272949 -0.273632 -0.053398
v 0.274045 -0.269964 -0.053616
v 0.260191 -0.285705 0.001404
v 0.279842 -0.266149 0.001404
v 0.264025 -0.285329 0.001404
v 0.267711 -0.284216 0.001404
v 0.271109 -0.282409 0.001404
v 0.274086 -0.279977 0.001404
v 0.276530 -0.277013 0.001404
v 0.278346 -0.273632 0.001404
v 0.279464 -0.269964 0.001404
v 0.255143 -0.285705 0.052664
v 0.274416 -0.266149 0.056498
v 0.258903 -0.285329 0.053412
v 0.262518 -0.284216 0.054131
v 0.265850 -0.282409 0.054794
v 0.268771 -0.279977 0.055375
v 0.271168 -0.277013 0.055852
v 0.272949 -0.273632 0.056206
v 0.274045 -0.269964 0.056424
v 0.240191 -0.285705 0.101955
v 0.258345 -0.266149 0.109475
v 0.243732 -0.285329 0.103422
v 0.247138 -0.284216 0.104832
v 0.250277 -0.282409 0.106133
v 0.253028 -0.279977 0.107272
v 0.255286 -0.277013 0.108207
v 0.256963 -0.273632 0.108902
v 0.257997 -0.269964 0.109330
v 0.215910 -0.285705 0.147381
v 0.232249 -0.266149 0.158298
v 0.219097 -0.285329 0.149511
v 0.222162 -0.284216 0.151559
v 0.224987 -0.282409 0.153446
v 0.227463 -0.279977 0.155101
v 0.229495 -0.277013 0.156458
v 0.231005 -0.273632 0.157467
v 0.231935 -0.269964 0.158088
v 0.183233 -0.285705 0.187197
v 0.197128 -0.266149 0.201092
v 0.185944 -0.285329 0.189908
v 0.188551 -0.284216 0.192515
v 0.190953 -0.282409 0.194917
v 0.193059 -0.279977 0.197023
v 0.194787 -0.277013 0.198751
v 0.196071 -0.273632 0.200035
v 0.196861 -0.269964 0.200825
v 0.143417 -0.285705 0.219874
v 0.154334 -0.266149 0.236213
v 0.145547 -0.285329 0.223061
v 0.147595 -0.284216 0.226126
v 0.149482 -0.282409 0.228951
v 0.151137 -0.279977 0.231427
v 0.152494 -0.277013 0.233459
v 0.153503 -0.273632 0.234969
v 0.154124 -0.269964 0.235899
v 0.097991 -0.285705 0.244155
v 0.105511 -0.266149 0.262309
v 0.099458 -0.285329 0.247696
v 0.100868 -0.284216 0.251102
v 0.102169 -0.282409 0.254241
v 0.103308 -0.279977 0.256992
v 0.104243 -0.277013 0.259250
v 0.104938 -0.273632 0.260927
v 0.105366 -0.269964 0.261961
v 0.048700 -0.285705 0.259107
v 0.052534 -0.266149 0.278380
v 0.049448 -0.285329 0.262867
v 0.050167 -0.284216 0.266482
v 0.050830 -0.282409 0.269814
v 0.051411 -0.279977 0.272735
v 0.051888 -0.277013 0.275132
v 0.052242 -0.273632 0.276913
v 0.052460 -0.269964 0.278009
v -0.002560 -0.285705 0.264155
v -0.002560 -0.266149 0.283806
v -0.002560 -0.285329 0.267989
v -0.002560 -0.284216 0.271675
v -0.002560 -0.282409 0.275073
v -0.002560 -0.279977 0.278050
v -0.002560 -0.277013 0.280494
v -0.002560 -0.273632 0.282310
v -0.002560 -0.269964 0.283428
v -0.053820 -0.285705 0.259107
v -0.057654 -0.266149 0.278380
v -0.054568 -0.285329 0.262867
v -0.055287 -0.284216 0.266482
v -0.055950 -0.282409 0.269814
v -0.056531 -0.279977 0.272735
v -0.057008 -0.277013 0.275132
v -0.057362 -0.273632 0.276913
v -0.057580 -0.269964 0.278009
v -0.103110 -0.285705 0.244155
v -0.110630 -0.266149 0.262309
v -0.104578 -0.285329 0.247696
v -0.105988 -0.284216 0.251102
v -0.107288 -0.282409 0.254241
v -0.108428 -0.279977 0.256992
v -0.109363 -0.277013 0.259250
v -0.110058 -0.273632 0.260927
v -0.110486 -0.269964 0.261961
v -0.148537 -0.285705 0.219874
v -0.159454 -0.266149 0.236213
v -0.150667 -0.285329 0.223061
v -0.152715 -0.284216 0.226126
v -0.154602 -0.282409 0.228951
v -0.156256 -0.279977 0.231427
v -0.157614 -0.277013 0.233459
v -0.158623 -0.273632 0.234969
v -0.159244 -0.269964 0.235899
v -0.188353 -0.285705 0.187197
v -0.202248 -0.266149 0.201092
v -0.191064 -0.285329 0.189908
v -0.193670 -0.284216 0.192515
v -0.196073 -0.282409 0.194917
v -0.198178 -0.279977 0.197023
v -0.199906 -0.277013 0.198751
v -0.201190 -0.273632 0.200035
v -0.201981 -0.269964 0.200825
v -0.221030 -0.285705 0.147381
v -0.237368 -0.266149 0.158298
v -0.224217 -0.285329 0.149511
v -0.227282 -0.284216 0.151559
v -0.230107 -0.282409 0.153446
v -0.232583 -0.279977 0.155101
v -0.234615 -0.277013 0.156458
v -0.236125 -0.273632 0.157467
v -0.237055 -0.269964 0.158088
v -0.245310 -0.285705 0.101955
v -0.263465 -0.266149 0.109475
v -0.248852 -0.285329 0.103422
v -0.252258 -0.284216 0.104832
v -0.255397 -0.282409 0.106132
v -0.258148 -0.279977 0.107272
v -0.260406 -0.277013 0.108207
v -0.262083 -0.273632 0.108902
v -0.263116 -0.269964 0.109330
v -0.260262 -0.285705 0.052664
v -0.279535 -0.266149 0.056498
v -0.264022 -0.285329 0.053412
v -0.267638 -0.284216 0.054131
v -0.270970 -0.282409 0.054794
v -0.273891 -0.279977 0.055375
v -0.276287 -0.277013 0.055852
v -0.278068 -0.273632 0.056206
v -0.279165 -0.269964 0.056424
v -0.284962 -0.021769 0.001404
v 0.017362 0.279099 0.001404
v -0.279153 0.036927 0.001404
v -0.261949 0.093368 0.001404
v -0.234011 0.145384 0.001404
v -0.196413 0.190977 0.001404
v -0.150600 0.228394 0.001404
v -0.098332 0.256197 0.001404
v -0.041618 0.273318 0.001404
v 0.016979 0.279099 0.005291
v -0.279535 -0.021769 -0.053690
v -0.040868 0.273318 -0.006216
v -0.096492 0.256197 -0.017280
v -0.147755 0.228394 -0.027477
v -0.192688 0.190977 -0.036415
v -0.229564 0.145384 -0.043750
v -0.256965 0.093368 -0.049200
v -0.273838 0.036927 -0.052556
v 0.015846 0.279099 0.009028
v -0.263465 -0.021769 -0.106666
v -0.038645 0.273318 -0.013543
v -0.091042 0.256197 -0.035246
v -0.139331 0.228394 -0.055248
v -0.181657 0.190977 -0.072780
v -0.216393 0.145384 -0.087168
v -0.242204 0.093368 -0.097860
v -0.258098 0.036927 -0.104443
v 0.014005 0.279099 0.012472
v -0.237368 -0.021769 -0.155490
v -0.035036 0.273318 -0.020296
v -0.082192 0.256197 -0.051804
v -0.125651 0.228394 -0.080843
v -0.163743 0.190977 -0.106295
v -0.195004 0.145384 -0.127183
v -0.218234 0.093368 -0.142705
v -0.232538 0.036927 -0.152263
v 0.011527 0.279099 0.015491
v -0.202248 -0.021769 -0.198284
v -0.030178 0.273318 -0.026214
v -0.070281 0.256197 -0.066317
v -0.107240 0.228394 -0.103276
v -0.139635 0.190977 -0.135671
v -0.166221 0.145384 -0.162257
v -0.185975 0.093368 -0.182011
v -0.198141 0.036927 -0.194177
v 0.008508 0.279099 0.017969
v -0.159454 -0.021769 -0.233404
v -0.024260 0.273318 -0.031072
v -0.055768 0.256197 -0.078228
v -0.084807 0.228394 -0.121687
v -0.110259 0.190977 -0.159779
v -0.131147 0.145384 -0.191040
v -0.146669 0.093368 -0.214270
v -0.156227 0.036927 -0.228574
v 0.005064 0.279099 0.019810
v -0.110630 -0.021769 -0.259501
v -0.017507 0.273318 -0.034681
v -0.039210 0.256197 -0.087078
v -0.059212 0.228394 -0.135367
v -0.076744 0.190977 -0.177693
v -0.091132 0.145384 -0.212429
v -0.101824 0.093368 -0.238240
v -0.108407 0.036927 -0.254134
v 0.001327 0.279099 0.020943
v -0.057654 -0.021769 -0.275571
v -0.010180 0.273318 -0.036904
v -0.021244 0.256197 -0.092528
v -0.031441 0.228394 -0.143791
v -0.040379 0.190977 -0.188724
v -0.047714 0.145384 -0.225600
v -0.053164 0.093368 -0.253001
v -0.056520 0.036927 -0.269874
v -0.002560 0.279099 0.021326
v -0.002560 -0.021769 -0.280998
v -0.002560 0.273318 -0.037654
v -0.002560 0.256197 -0.094368
v -0.002560 0.228394 -0.146636
v -0.002560 0.190977 -0.192449
v -0.002560 0.145384 -0.230047
v -0.002560 0.093368 -0.257985
v -0.002560 0.036927 -0.275189
v -0.006447 0.279099 0.020943
v 0.052534 -0.021769 -0.275571
v 0.005060 0.273318 -0.036904
v 0.016124 0.256197 -0.092528
v 0.026321 0.228394 -0.143791
v 0.035259 0.190977 -0.188724
v 0.042594 0.145384 -0.225600
v 0.048044 0.093368 -0.253001
v 0.051401 0.036927 -0.269874
v -0.010184 0.279099 0.019810
v 0.105511 -0.021769 -0.259501
v 0.012387 0.273318 -0.034681
v 0.034091 0.256197 -0.087078
v 0.054093 0.228394 -0.135367
v 0.071625 0.190977 -0.177693
v 0.086013 0.145384 -0.212429
v 0.096704 0.093368 -0.238240
v 0.103288 0.036927 -0.254134
v -0.013628 0.279099 0.017969
v 0.154334 -0.021769 -0.233404
v 0.019140 0.273318 -0.031072
v 0.050648 0.256197 -0.078228
v 0.079687 0.228394 -0.121687
v 0.105139 0.190977 -0.159779
v 0.126027 0.145384 -0.191040
v 0.141549 0.093368 -0.214270
v 0.151107 0.036927 -0.228574
v -0.016647 0.279099 0.015491
v 0.197128 -0.021769 -0.198284
v 0.025059 0.273318 -0.026214
v 0.065161 0.256197 -0.066317
v 0.102120 0.228394 -0.103276
v 0.134515 0.190977 -0.135671
v 0.161101 0.145384 -0.162256
v 0.180856 0.093368 -0.182011
v 0.193021 0.036927 -0.194176
v -0.019125 0.279099 0.012472
v 0.232249 -0.021769 -0.155490
v 0.029916 0.273318 -0.020296
v 0.077072 0.256197 -0.051804
v 0.120531 0.228394 -0.080843
v 0.158623 0.190977 -0.106295
v 0.189885 0.145384 -0.127183
v 0.213114 0.093368 -0.142705
v 0.227419 0.036927 -0.152263
v -0.020966 0.279099 0.009028
v 0.258345 -0.021769 -0.106666
v 0.033525 0.273318 -0.013543
v 0.085922 0.256197 -0.035246
v 0.134211 0.228394 -0.055248
v 0.176537 0.190977 -0.072780
v 0.211273 0.145384 -0.087168
v 0.237084 0.093368 -0.097860
v 0.252979 0.036927 -0.104443
v -0.022099 0.279099 0.005291
v 0.274416 -0.021769 -0.053690
v 0.035748 0.273318 -0.006216
v 0.091372 0.256197 -0.017280
v 0.142636 0.228394 -0.027477
v 0.187568 0.190977 -0.036415
v 0.224444 0.145384 -0.043750
v 0.251845 0.093368 -0.049200
v 0.268718 0.036927 -0.052556
v -0.022482 0.279099 0.001404
v 0.279842 -0.021769 0.001404
v 0.036498 0.273318 0.001404
v 0.093212 0.256197 0.001404
v 0.145480 0.228394 0.001404
v 0.191293 0.190977 0.001404
v 0.228891 0.145384 0.001404
v 0.256829 0.093368 0.001404
v 0.274033 0.036927 0.001404
v -0.022099 0.279099 -0.002483
v 0.274416 -0.021769 0.056498
v 0.035748 0.273318 0.009024
v 0.091372 0.256197 0.020088
v 0.142636 0.228394 0.030285
v 0.187568 0.190977 0.039223
v 0.224444 0.145384 0.046558
v 0.251845 0.093368 0.052008
v 0.268718 0.036927 0.055365
v -0.020966 0.279099 -0.006220
v 0.258345 -0.021769 0.109475
v 0.033525 0.273318 0.016351
v 0.085922 0.256197 0.038055
v 0.134211 0.228394 0.058057
v 0.176537 0.190977 0.075589
v 0.211273 0.145384 0.089977
v 0.237084 0.093368 0.100668
v 0.252979 0.036927 0.107252
v -0.019125 0.279099 -0.009664
v 0.232249 -0.021769 0.158298
v 0.029916 0.273318 0.023104
v 0.077072 0.256197 0.054612
v 0.120531 0.228394 0.083651
v 0.158623 0.190977 0.109103
v 0.189885 0.145384 0.129991
v 0.213114 0.093368 0.145513
v 0.227419 0.036927 0.155071
v -0.016647 0.279099 -0.012683
v 0.197128 -0.021769 0.201092
v 0.025059 0.273318 0.029023
v 0.065161 0.256197 0.069125
v 0.102120 0.228394 0.106084
v 0.134515 0.190977 0.138479
v 0.161101 0.145384 0.165065
v 0.180856 0.093368 0.184820
v 0.193021 0.036927 0.196985
v -0.013628 0.279099 -0.015161
v 0.154334 -0.021769 0.236213
v 0.019140 0.273318 0.033880
v 0.050648 0.256197 0.081036
v 0.079687 0.228394 0.124495
v 0.105139 0.190977 0.162587
v 0.126027 0.145384 0.193849
v 0.141549 0.093368 0.217078
v 0.151107 0.036927 0.231383
v -0.010184 0.279099 -0.017002
v 0.105511 -0.021769 0.262309
v 0.012387 0.273318 0.037489
v 0.034091 0.256197 0.089886
v 0.054093 0.228394 0.138175
v 0.071625 0.190977 0.180501
v 0.086013 0.145384 0.215237
v 0.096704 0.093368 0.241048
v 0.103288 0.036927 0.256943
v -0.006447 0.279099 -0.018135
v 0.052534 -0.021769 0.278380
v 0.005060 0.273318 0.039712
v 0.016124 0.256197 0.095336
v 0.026321 0.228394 0.146600
v 0.035259 0.190977 0.191532
v 0.042594 0.145384 0.228408
v 0.048044 0.093368 0.255809
v 0.051401 0.036927 0.272682
v -0.002560 0.279099 -0.018518
v -0.002560 -0.021769 0.283806
v -0.002560 0.273318 0.040462
v -0.002560 0.256197 0.097176
v -0.002560 0.228394 0.149444
v -0.002560 0.190977 0.195257
v -0.002560 0.145384 0.232855
v -0.002560 0.093368 0.260793
v -0.002560 0.036927 0.277997
v 0.001327 0.279099 -0.018135
v -0.057654 -0.021769 0.278380
v -0.010180 0.273318 0.039712
v -0.021244 0.256197 0.095336
v -0.031441 0.228394 0.146600
v -0.040379 0.190977 0.191532
v -0.047714 0.145384 0.228408
v -0.053164 0.093368 0.255809
v -0.056520 0.036927 0.272682
v 0.005064 0.279099 -0.017002
v -0.110630 -0.021769 0.262309
v -0.017507 0.273318 0.037489
v -0.039210 0.256197 0.089886
v -0.059212 0.228394 0.138175
v -0.076744 0.190977 0.180501
v -0.091132 0.145384 0.215237
v -0.101824 0.093368 0.241048
v -0.108407 0.036927 0.256943
v 0.008508 0.279099 -0.015161
v -0.159454 -0.021769 0.236213
v -0.024260 0.273318 0.033880
v -0.055768 0.256197 0.081036
v -0.084807 0.228394 0.124495
v -0.110259 0.190977 0.162587
v -0.131147 0.145384 0.193849
v -0.146669 0.093368 0.217078
v -0.156227 0.036927 0.231383
v 0.011527 0.279099 -0.012683
v -0.202248 -0.021769 0.201092
v -0.030178 0.273318 0.029023
v -0.070281 0.256197 0.069125
v -0.107240 0.228394 0.106084
v -0.139635 0.190977 0.138479
v -0.166221 0.145384 0.165065
v -0.185975 0.093368 0.184820
v -0.198141 0.036927 0.196985
v 0.014005 0.279099 -0.009664
v -0.237368 -0.021769 0.158298
v -0.035036 0.273318 0.023104
v -0.082192 0.256197 0.054612
v -0.125651 0.228394 0.083651
v -0.163743 0.190977 0.109103
v -0.195004 0.145384 0.129991
v -0.218234 0.093368 0.145513
v -0.232538 0.036927 0.155071
v 0.015846 0.279099 -0.006220
v -0.263465 -0.021769 0.109475
v -0.038645 0.273318 0.016351
v -0.091042 0.256197 0.038055
v -0.139331 0.228394 0.058057
v -0.181657 0.190977 0.075589
v -0.216393 0.145384 0.089977
v -0.242204 0.093368 0.100668
v -0.258098 0.036927 0.107252
v 0.016979 0.279099 -0.002483
v -0.279535 -0.021769 0.056498
v -0.040868 0.273318 0.009024
v -0.096492 0.256197 0.020088
v -0.147755 0.228394 0.030285
v -0.192688 0.190977 0.039223
v -0.229564 0.145384 0.046558
v -0.256965 0.093368 0.052008
v -0.273838 0.036927 0.055365
v -0.217342 -0.332939 0.044127
v -0.260262 -0.289388 0.052664
v -0.225715 -0.332103 0.045792
v -0.233767 -0.329624 0.047394
v -0.241187 -0.325600 0.048870
v -0.247691 -0.320184 0.050164
v -0.253029 -0.313584 0.051225
v -0.256995 -0.306055 0.052014
v -0.259438 -0.297885 0.052500
v -0.204880 -0.332939 0.085208
v -0.245310 -0.289388 0.101955
v -0.212767 -0.332103 0.088475
v -0.220352 -0.329624 0.091616
v -0.227342 -0.325600 0.094512
v -0.233469 -0.320184 0.097050
v -0.238497 -0.313584 0.099132
v -0.242233 -0.306055 0.100680
v -0.244534 -0.297885 0.101633
v -0.184643 -0.332939 0.123068
v -0.221030 -0.289388 0.147381
v -0.191742 -0.332103 0.127811
v -0.198568 -0.329624 0.132372
v -0.204858 -0.325600 0.136576
v -0.210372 -0.320184 0.140260
v -0.214897 -0.313584 0.143283
v -0.218260 -0.306055 0.145530
v -0.220330 -0.297885 0.146914
v -0.157409 -0.332939 0.156253
v -0.188353 -0.289388 0.187197
v -0.163446 -0.332103 0.162290
v -0.169251 -0.329624 0.168095
v -0.174601 -0.325600 0.173445
v -0.179290 -0.320184 0.178134
v -0.183138 -0.313584 0.181982
v -0.185998 -0.306055 0.184842
v -0.187758 -0.297885 0.186603
v -0.124224 -0.332939 0.183487
v -0.148537 -0.289388 0.219874
v -0.128967 -0.332103 0.190586
v -0.133528 -0.329624 0.197412
v -0.137731 -0.325600 0.203702
v -0.141416 -0.320184 0.209216
v -0.144439 -0.313584 0.213741
v -0.146686 -0.306055 0.217104
v -0.148070 -0.297885 0.219175
v -0.086364 -0.332939 0.203724
v -0.103110 -0.289388 0.244155
v -0.089631 -0.332103 0.211612
v -0.092772 -0.329624 0.219196
v -0.095668 -0.325600 0.226186
v -0.098205 -0.320184 0.232313
v -0.100288 -0.313584 0.237341
v -0.101836 -0.306055 0.241077
v -0.102789 -0.297885 0.243378
v -0.045283 -0.332939 0.216186
v -0.053820 -0.289388 0.259107
v -0.046948 -0.332103 0.224559
v -0.048550 -0.329624 0.232611
v -0.050026 -0.325600 0.240031
v -0.051320 -0.320184 0.246535
v -0.052381 -0.313584 0.251873
v -0.053170 -0.306055 0.255839
v -0.053656 -0.297885 0.258282
v -0.002560 -0.332939 0.220394
v -0.002560 -0.289388 0.264155
v -0.002560 -0.332103 0.228931
v -0.002560 -0.329624 0.237141
v -0.002560 -0.325600 0.244706
v -0.002560 -0.320184 0.251338
v -0.002560 -0.313584 0.256780
v -0.002560 -0.306055 0.260824
v -0.002560 -0.297885 0.263314
v 0.040163 -0.332939 0.216186
v 0.048700 -0.289388 0.259107
v 0.041828 -0.332103 0.224559
v 0.043430 -0.329624 0.232611
v 0.044906 -0.325600 0.240031
v 0.046200 -0.320184 0.246535
v 0.047261 -0.313584 0.251873
v 0.048050 -0.306055 0.255839
v 0.048536 -0.297885 0.258282
v 0.081244 -0.332939 0.203724
v 0.097991 -0.289388 0.244155
v 0.084511 -0.332103 0.211612
v 0.087653 -0.329624 0.219196
v 0.090548 -0.325600 0.226186
v 0.093086 -0.320184 0.232313
v 0.095168 -0.313584 0.237341
v 0.096716 -0.306055 0.241077
v 0.097669 -0.297885 0.243378
v 0.119104 -0.332939 0.183487
v 0.143417 -0.289388 0.219874
v 0.123847 -0.332103 0.190586
v 0.128408 -0.329624 0.197412
v 0.132612 -0.325600 0.203702
v 0.136296 -0.320184 0.209216
v 0.139319 -0.313584 0.213742
v 0.141566 -0.306055 0.217104
v 0.142950 -0.297885 0.219175
v 0.152289 -0.332939 0.156253
v 0.183233 -0.289388 0.187197
v 0.158326 -0.332103 0.162290
v 0.164131 -0.329624 0.168095
v 0.169481 -0.325600 0.173445
v 0.174170 -0.320184 0.178134
v 0.178018 -0.313584 0.181982
v 0.180878 -0.306055 0.184842
v 0.182639 -0.297885 0.186603
v 0.179523 -0.332939 0.123068
v 0.215910 -0.289388 0.147381
v 0.186622 -0.332103 0.127811
v 0.193448 -0.329624 0.132372
v 0.199738 -0.325600 0.136576
v 0.205252 -0.320184 0.140260
v 0.209778 -0.313584 0.143284
v 0.213140 -0.306055 0.145530
v 0.215211 -0.297885 0.146914
v 0.199760 -0.332939 0.085208
v 0.240191 -0.289388 0.101955
v 0.207648 -0.332103 0.088475
v 0.215232 -0.329624 0.091617
v 0.222222 -0.325600 0.094512
v 0.228349 -0.320184 0.097050
v 0.233377 -0.313584 0.099132
v 0.237113 -0.306055 0.100680
v 0.239414 -0.297885 0.101633
v 0.212222 -0.332939 0.044127
v 0.255143 -0.289388 0.052664
v 0.220595 -0.332103 0.045792
v 0.228647 -0.329624 0.047394
v 0.236067 -0.325600 0.048870
v 0.242571 -0.320184 0.050164
v 0.247909 -0.313584 0.051225
v 0.251875 -0.306055 0.052014
v 0.254318 -0.297885 0.052500
v 0.216430 -0.332939 0.001404
v 0.260191 -0.289388 0.001404
v 0.224967 -0.332103 0.001404
v 0.233177 -0.329624 0.001404
v 0.240742 -0.325600 0.001404
v 0.247374 -0.320184 0.001404
v 0.252816 -0.313584 0.001404
v 0.256860 -0.306055 0.001404
v 0.259350 -0.297885 0.001404
v 0.212222 -0.332939 -0.041319
v 0.255143 -0.289388 -0.049856
v 0.220595 -0.332103 -0.042984
v 0.228647 -0.329624 -0.044586
v 0.236067 -0.325600 -0.046062
v 0.242571 -0.320184 -0.047356
v 0.247909 -0.313584 -0.048417
v 0.251875 -0.306055 -0.049206
v 0.254318 -0.297885 -0.049692
v 0.199760 -0.332939 -0.082400
v 0.240191 -0.289388 -0.099146
v 0.207648 -0.332103 -0.085667
v 0.215232 -0.329624 -0.088808
v 0.222222 -0.325600 -0.091704
v 0.228349 -0.320184 -0.094241
v 0.233377 -0.313584 -0.096324
v 0.237113 -0.306055 -0.097872
v 0.239414 -0.297885 -0.098825
v 0.179523 -0.332939 -0.120260
v 0.215910 -0.289388 -0.144573
v 0.186622 -0.332103 -0.125003
v 0.193448 -0.329624 -0.129564
v 0.199739 -0.325600 -0.133767
v 0.205252 -0.320184 -0.137452
v 0.209778 -0.313584 -0.140475
v 0.213140 -0.306055 -0.142722
v 0.215211 -0.297885 -0.144106
v 0.152289 -0.332939 -0.153445
v 0.183233 -0.289388 -0.184389
v 0.158326 -0.332103 -0.159482
v 0.164131 -0.329624 -0.165287
v 0.169481 -0.325600 -0.170637
v 0.174170 -0.320184 -0.175326
v 0.178018 -0.313584 -0.179174
v 0.180878 -0.306055 -0.182034
v 0.182639 -0.297885 -0.183794
v 0.119104 -0.332939 -0.180679
v 0.143417 -0.289388 -0.217066
v 0.123847 -0.332103 -0.187778
v 0.128408 -0.329624 -0.194604
v 0.132612 -0.325600 -0.200894
v 0.136296 -0.320184 -0.206408
v 0.139320 -0.313584 -0.210933
v 0.141566 -0.306055 -0.214296
v 0.142950 -0.297885 -0.216366
v 0.081244 -0.332939 -0.200916
v 0.097991 -0.289388 -0.241346
v 0.084511 -0.332103 -0.208804
v 0.087653 -0.329624 -0.216388
v 0.090548 -0.325600 -0.223378
v 0.093086 -0.320184 -0.229505
v 0.095168 -0.313584 -0.234533
v 0.096716 -0.306055 -0.238269
v 0.097669 -0.297885 -0.240570
v 0.040163 -0.332939 -0.213378
v 0.048700 -0.289388 -0.256298
v 0.041828 -0.332103 -0.221751
v 0.043430 -0.329624 -0.229803
v 0.044906 -0.325600 -0.237223
v 0.046200 -0.320184 -0.243727
v 0.047262 -0.313584 -0.249065
v 0.048050 -0.306055 -0.253031
v 0.048536 -0.297885 -0.255474
v -0.002560 -0.332939 -0.217585
v -0.002560 -0.289388 -0.261347
v -0.002560 -0.332103 -0.226123
v -0.002560 -0.329624 -0.234332
v -0.002560 -0.325600 -0.241898
v -0.002560 -0.320184 -0.248530
v -0.002560 -0.313584 -0.253972
v -0.002560 -0.306055 -0.258016
v -0.002560 -0.297885 -0.260506
v -0.045283 -0.332939 -0.213378
v -0.053820 -0.289388 -0.256298
v -0.046948 -0.332103 -0.221751
v -0.048550 -0.329624 -0.229803
v -0.050026 -0.325600 -0.237223
v -0.051320 -0.320184 -0.243727
v -0.052381 -0.313584 -0.249065
v -0.053170 -0.306055 -0.253031
v -0.053656 -0.297885 -0.255474
v -0.086363 -0.332939 -0.200916
v -0.103110 -0.289388 -0.241346
v -0.089631 -0.332103 -0.208804
v -0.092772 -0.329624 -0.216388
v -0.095668 -0.325600 -0.223378
v -0.098205 -0.320184 -0.229505
v -0.100288 -0.313584 -0.234533
v -0.101836 -0.306055 -0.238269
v -0.102789 -0.297885 -0.240570
v -0.124224 -0.332939 -0.180679
v -0.148537 -0.289388 -0.217066
v -0.128967 -0.332103 -0.187778
v -0.133528 -0.329624 -0.194604
v -0.137731 -0.325600 -0.200894
v -0.141416 -0.320184 -0.206408
v -0.144439 -0.313584 -0.210933
v -0.146686 -0.306055 -0.214296
v -0.148070 -0.297885 -0.216366
v -0.157409 -0.332939 -0.153445
v -0.188353 -0.289388 -0.184389
v -0.163446 -0.332103 -0.159482
v -0.169251 -0.329624 -0.165287
v -0.174601 -0.325600 -0.170637
v -0.179290 -0.320184 -0.175326
v -0.183138 -0.313584 -0.179174
v -0.185998 -0.306055 -0.182034
v -0.187758 -0.297885 -0.183795
v -0.184643 -0.332939 -0.120260
v -0.221030 -0.289388 -0.144573
v -0.191742 -0.332103 -0.125003
v -0.198568 -0.329624 -0.129564
v -0.204858 -0.325600 -0.133767
v -0.210372 -0.320184 -0.137452
v -0.214897 -0.313584 -0.140475
v -0.218260 -0.306055 -0.142722
v -0.220330 -0.297885 -0.144106
v -0.204880 -0.332939 -0.082400
v -0.245310 -0.289388 -0.099146
v -0.212767 -0.332103 -0.085667
v -0.220352 -0.329624 -0.088808
v -0.227342 -0.325600 -0.091704
v -0.233469 -0.320184 -0.094241
v -0.238497 -0.313584 -0.096324
v -0.242233 -0.306055 -0.097872
v -0.244534 -0.297885 -0.098825
v -0.221549 -0.332939 0.001404
v -0.265311 -0.289388 0.001404
v -0.230087 -0.332103 0.001404
v -0.238296 -0.329624 0.001404
v -0.245862 -0.325600 0.001404
v -0.252494 -0.320184 0.001404
v -0.257936 -0.313584 0.001404
v -0.261980 -0.306055 0.001404
v -0.264470 -0.297885 0.001404
v -0.217342 -0.332939 -0.041319
v -0.260262 -0.289388 -0.049856
v -0.225715 -0.332103 -0.042984
v -0.233767 -0.329624 -0.044586
v -0.241187 -0.325600 -0.046062
v -0.247691 -0.320184 -0.047356
v -0.253029 -0.313584 -0.048417
v -0.256995 -0.306055 -0.049206
v -0.259438 -0.297885 -0.049692
vn -0.9569 -0.0000 -0.2903
vn -0.7730 -0.0000 -0.6344
vn -0.6344 -0.0000 -0.7730
vn -0.4714 -0.0000 -0.8819
vn -0.2903 -0.0000 -0.9569
vn -0.0980 -0.0000 -0.9952
vn 0.0980 -0.0000 -0.9952
vn 0.2903 -0.0000 -0.9569
vn 0.4714 -0.0000 -0.8819
vn 0.6344 -0.0000 -0.7730
vn 0.7730 -0.0000 -0.6344
vn 0.8819 -0.0000 -0.4714
vn 0.9569 -0.0000 -0.2903
vn 0.9952 -0.0000 -0.0980
vn 0.9952 -0.0000 0.0980
vn 0.9569 -0.0000 0.2903
vn 0.8819 -0.0000 0.4714
vn 0.7730 -0.0000 0.6344
vn 0.6344 -0.0000 0.7730
vn 0.4714 -0.0000 0.8819
vn 0.2903 -0.0000 0.9569
vn 0.0980 -0.0000 0.9952
vn -0.0980 -0.0000 0.9952
vn -0.2903 -0.0000 0.9569
vn -0.4714 -0.0000 0.8819
vn -0.6344 -0.0000 0.7730
vn -0.7730 -0.0000 0.6344
vn -0.8819 -0.0000 0.4714
vn -0.9569 -0.0000 0.2903
vn -0.9952 -0.0000 0.0980
vn -0.8819 -0.0000 -0.4714
vn -0.0000 1.0000 -0.0000
vn -0.9904 -0.0980 -0.0975
vn -0.9523 -0.2903 -0.0938
vn -0.8777 -0.4714 -0.0864
vn -0.7693 -0.6344 -0.0758
vn -0.6313 -0.7730 -0.0622
vn -0.4691 -0.8819 -0.0462
vn -0.2889 -0.9569 -0.0285
vn -0.0975 -0.9952 -0.0096
vn -0.9523 -0.0980 -0.2889
vn -0.9157 -0.2903 -0.2778
vn -0.8439 -0.4714 -0.2560
vn -0.7397 -0.6344 -0.2244
vn -0.6071 -0.7730 -0.1842
vn -0.4511 -0.8819 -0.1368
vn -0.2778 -0.9569 -0.0843
vn -0.0938 -0.9952 -0.0285
vn -0.8777 -0.0980 -0.4691
vn -0.8439 -0.2903 -0.4511
vn -0.7778 -0.4714 -0.4157
vn -0.6817 -0.6344 -0.3644
vn -0.5595 -0.7730 -0.2990
vn -0.4157 -0.8819 -0.2222
vn -0.2560 -0.9569 -0.1368
vn -0.0864 -0.9952 -0.0462
vn -0.7693 -0.0980 -0.6313
vn -0.7397 -0.2903 -0.6071
vn -0.6817 -0.4714 -0.5595
vn -0.5975 -0.6344 -0.4904
vn -0.4904 -0.7730 -0.4025
vn -0.3644 -0.8819 -0.2991
vn -0.2244 -0.9569 -0.1842
vn -0.0758 -0.9952 -0.0622
vn -0.6313 -0.0980 -0.7693
vn -0.6071 -0.2903 -0.7397
vn -0.5595 -0.4714 -0.6817
vn -0.4904 -0.6344 -0.5975
vn -0.4025 -0.7730 -0.4904
vn -0.2991 -0.8819 -0.3644
vn -0.1842 -0.9569 -0.2244
vn -0.0622 -0.9952 -0.0758
vn -0.4691 -0.0980 -0.8777
vn -0.4511 -0.2903 -0.8439
vn -0.4157 -0.4714 -0.7778
vn -0.3644 -0.6344 -0.6817
vn -0.2991 -0.7730 -0.5595
vn -0.2222 -0.8819 -0.4157
vn -0.1368 -0.9569 -0.2560
vn -0.0462 -0.9952 -0.0864
vn -0.2889 -0.0980 -0.9523
vn -0.2778 -0.2903 -0.9157
vn -0.2560 -0.4714 -0.8439
vn -0.2244 -0.6344 -0.7397
vn -0.1842 -0.7730 -0.6071
vn -0.1368 -0.8819 -0.4511
vn -0.0843 -0.9569 -0.2778
vn -0.0285 -0.9952 -0.0938
vn -0.0975 -0.0980 -0.9904
vn -0.0938 -0.2903 -0.9523
vn -0.0864 -0.4714 -0.8777
vn -0.0758 -0.6344 -0.7693
vn -0.0622 -0.7730 -0.6313
vn -0.0462 -0.8819 -0.4691
vn -0.0285 -0.9569 -0.2889
vn -0.0096 -0.9952 -0.0975
vn 0.0975 -0.0980 -0.9904
vn 0.0938 -0.2903 -0.9523
vn 0.0864 -0.4714 -0.8777
vn 0.0758 -0.6344 -0.7693
vn 0.0622 -0.7730 -0.6313
vn 0.0462 -0.8819 -0.4691
vn 0.0285 -0.9569 -0.2889
vn 0.0096 -0.9952 -0.0975
vn 0.2889 -0.0980 -0.9523
vn 0.2778 -0.2903 -0.9157
vn 0.2560 -0.4714 -0.8439
vn 0.2244 -0.6344 -0.7397
vn 0.1842 -0.7730 -0.6071
vn 0.1368 -0.8819 -0.4511
vn 0.0843 -0.9569 -0.2778
vn 0.0285 -0.9952 -0.0938
vn 0.4691 -0.0980 -0.8777
vn 0.4511 -0.2903 -0.8439
vn 0.4157 -0.4714 -0.7778
vn 0.3644 -0.6344 -0.6817
vn 0.2991 -0.7730 -0.5595
vn 0.2222 -0.8819 -0.4157
vn 0.1368 -0.9569 -0.2560
vn 0.0462 -0.9952 -0.0864
vn 0.6313 -0.0980 -0.7693
vn 0.6071 -0.2903 -0.7397
vn 0.5595 -0.4714 -0.6817
vn 0.4904 -0.6344 -0.5975
vn 0.4025 -0.7730 -0.4904
vn 0.2991 -0.8819 -0.3644
vn 0.1842 -0.9569 -0.2244
vn 0.0622 -0.9952 -0.0758
vn 0.7693 -0.0980 -0.6313
vn 0.7397 -0.2903 -0.6071
vn 0.6817 -0.4714 -0.5595
vn 0.5975 -0.6344 -0.4904
vn 0.4904 -0.7730 -0.4025
vn 0.3644 -0.8819 -0.2991
vn 0.2244 -0.9569 -0.1842
vn 0.0758 -0.9952 -0.0622
vn 0.8777 -0.0980 -0.4691
vn 0.8439 -0.2903 -0.4511
vn 0.7778 -0.4714 -0.4157
vn 0.6817 -0.6344 -0.3644
vn 0.5595 -0.7730 -0.2990
vn 0.4157 -0.8819 -0.2222
vn 0.2560 -0.9569 -0.1368
vn 0.0864 -0.9952 -0.0462
vn 0.9523 -0.0980 -0.2889
vn 0.9157 -0.2903 -0.2778
vn 0.8439 -0.4714 -0.2560
vn 0.7397 -0.6344 -0.2244
vn 0.6071 -0.7730 -0.1842
vn 0.4511 -0.8819 -0.1368
vn 0.2778 -0.9569 -0.0843
vn 0.0938 -0.9952 -0.0285
vn 0.9904 -0.0980 -0.0975
vn 0.9523 -0.2903 -0.0938
vn 0.8777 -0.4714 -0.0864
vn 0.7693 -0.6344 -0.0758
vn 0.6313 -0.7730 -0.0622
vn 0.4691 -0.8819 -0.0462
vn 0.2889 -0.9569 -0.0285
vn 0.0975 -0.9952 -0.0096
vn 0.9904 -0.0980 0.0975
vn 0.9523 -0.2903 0.0938
vn 0.8777 -0.4714 0.0864
vn 0.7693 -0.6344 0.0758
vn 0.6313 -0.7730 0.0622
vn 0.4691 -0.8819 0.0462
vn 0.2889 -0.9569 0.0285
vn 0.0975 -0.9952 0.0096
vn 0.9523 -0.0980 0.2889
vn 0.9157 -0.2903 0.2778
vn 0.8439 -0.4714 0.2560
vn 0.7397 -0.6344 0.2244
vn 0.6071 -0.7730 0.1842
vn 0.4511 -0.8819 0.1368
vn 0.2778 -0.9569 0.0843
vn 0.0938 -0.9952 0.0285
vn 0.8777 -0.0980 0.4691
vn 0.8439 -0.2903 0.4511
vn 0.7778 -0.4714 0.4157
vn 0.6817 -0.6344 0.3644
vn 0.5595 -0.7730 0.2990
vn 0.4157 -0.8819 0.2222
vn 0.2560 -0.9569 0.1368
vn 0.0864 -0.9952 0.0462
vn 0.7693 -0.0980 0.6313
vn 0.7397 -0.2903 0.6071
vn 0.6817 -0.4714 0.5595
vn 0.5975 -0.6344 0.4904
vn 0.4904 -0.7730 0.4025
vn 0.3644 -0.8819 0.2991
vn 0.2244 -0.9569 0.1842
vn 0.0758 -0.9952 0.0622
vn 0.6313 -0.0980 0.7693
vn 0.6071 -0.2903 0.7397
vn 0.5595 -0.4714 0.6817
vn 0.4904 -0.6344 0.5975
vn 0.4025 -0.7730 0.4904
vn 0.2991 -0.8819 0.3644
vn 0.1842 -0.9569 0.2244
vn 0.0622 -0.9952 0.0758
vn 0.4691 -0.0980 0.8777
vn 0.4511 -0.2903 0.8439
vn 0.4157 -0.4714 0.7778
vn 0.3644 -0.6344 0.6817
vn 0.2991 -0.7730 0.5595
vn 0.2222 -0.8819 0.4157
vn 0.1368 -0.9569 0.2560
vn 0.0462 -0.9952 0.0864
vn 0.2889 -0.0980 0.9523
vn 0.2778 -0.2903 0.9157
vn 0.2560 -0.4714 0.8439
vn 0.2244 -0.6344 0.7397
vn 0.1842 -0.7730 0.6071
vn 0.1368 -0.8819 0.4511
vn 0.0843 -0.9569 0.2778
vn 0.0285 -0.9952 0.0938
vn 0.0975 -0.0980 0.9904
vn 0.0938 -0.2903 0.9523
vn 0.0864 -0.4714 0.8777
vn 0.0758 -0.6344 0.7693
vn 0.0622 -0.7730 0.6313
vn 0.0462 -0.8819 0.4691
vn 0.0285 -0.9569 0.2889
vn 0.0096 -0.9952 0.0975
vn -0.0975 -0.0980 0.9904
vn -0.0938 -0.2903 0.9523
vn -0.0864 -0.4714 0.8777
vn -0.0758 -0.6344 0.7693
vn -0.0622 -0.7730 0.6313
vn -0.0462 -0.8819 0.4691
vn -0.0285 -0.9569 0.2889
vn -0.0096 -0.9952 0.0975
vn -0.2889 -0.0980 0.9523
vn -0.2778 -0.2903 0.9157
vn -0.2560 -0.4714 0.8439
vn -0.2244 -0.6344 0.7397
vn -0.1842 -0.7730 0.6071
vn -0.1368 -0.8819 0.4511
vn -0.0843 -0.9569 0.2778
vn -0.0285 -0.9952 0.0938
vn -0.4691 -0.0980 0.8777
vn -0.4511 -0.2903 0.8439
vn -0.4157 -0.4714 0.7778
vn -0.3644 -0.6344 0.6817
vn -0.2991 -0.7730 0.5595
vn -0.2222 -0.8819 0.4157
vn -0.1368 -0.9569 0.2560
vn -0.0462 -0.9952 0.0864
vn -0.6313 -0.0980 0.7693
vn -0.6071 -0.2903 0.7397
vn -0.5595 -0.4714 0.6817
vn -0.4904 -0.6344 0.5975
vn -0.4025 -0.7730 0.4904
vn -0.2991 -0.8819 0.3644
vn -0.1842 -0.9569 0.2244
vn -0.0622 -0.9952 0.0758
vn -0.7693 -0.0980 0.6313
vn -0.7397 -0.2903 0.6071
vn -0.6817 -0.4714 0.5595
vn -0.5975 -0.6344 0.4904
vn -0.4904 -0.7730 0.4025
vn -0.3644 -0.8819 0.2991
vn -0.2244 -0.9569 0.1842
vn -0.0758 -0.9952 0.0622
vn -0.8777 -0.0980 0.4691
vn -0.8439 -0.2903 0.4511
vn -0.7778 -0.4714 0.4157
vn -0.6817 -0.6344 0.3644
vn -0.5595 -0.7730 0.2990
vn -0.4157 -0.8819 0.2222
vn -0.2560 -0.9569 0.1368
vn -0.0864 -0.9952 0.0462
vn -0.9523 -0.0980 0.2889
vn -0.9157 -0.2903 0.2778
vn -0.8439 -0.4714 0.2560
vn -0.7397 -0.6344 0.2244
vn -0.6071 -0.7730 0.1842
vn -0.4511 -0.8819 0.1368
vn -0.2778 -0.9569 0.0843
vn -0.0938 -0.9952 0.0285
vn -0.9904 -0.0980 0.0975
vn -0.9523 -0.2903 0.0938
vn -0.8777 -0.4714 0.0864
vn -0.7693 -0.6344 0.0758
vn -0.6313 -0.7730 0.0622
vn -0.4691 -0.8819 0.0462
vn -0.2889 -0.9569 0.0285
vn -0.0975 -0.9952 0.0096
vn -0.9904 0.0980 -0.0975
vn -0.9523 0.2903 -0.0938
vn -0.8777 0.4714 -0.0864
vn -0.7693 0.6344 -0.0758
vn -0.6313 0.7730 -0.0622
vn -0.4691 0.8819 -0.0462
vn -0.2889 0.9569 -0.0285
vn -0.0975 0.9952 -0.0096
vn -0.9523 0.0980 -0.2889
vn -0.9157 0.2903 -0.2778
vn -0.8439 0.4714 -0.2560
vn -0.7397 0.6344 -0.2244
vn -0.6071 0.7730 -0.1842
vn -0.4511 0.8819 -0.1368
vn -0.2778 0.9569 -0.0843
vn -0.0938 0.9952 -0.0284
vn -0.8777 0.0980 -0.4691
vn -0.8439 0.2903 -0.4511
vn -0.7778 0.4714 -0.4157
vn -0.6817 0.6344 -0.3644
vn -0.5595 0.7730 -0.2991
vn -0.4157 0.8819 -0.2222
vn -0.2560 0.9569 -0.1368
vn -0.0864 0.9952 -0.0462
vn -0.7693 0.0980 -0.6313
vn -0.7397 0.2903 -0.6071
vn -0.6817 0.4714 -0.5595
vn -0.5975 0.6344 -0.4904
vn -0.4904 0.7730 -0.4025
vn -0.3644 0.8819 -0.2991
vn -0.2244 0.9569 -0.1842
vn -0.0758 0.9952 -0.0622
vn -0.6313 0.0980 -0.7693
vn -0.6071 0.2903 -0.7397
vn -0.5595 0.4714 -0.6817
vn -0.4904 0.6344 -0.5975
vn -0.4025 0.7730 -0.4904
vn -0.2991 0.8819 -0.3644
vn -0.1842 0.9569 -0.2244
vn -0.0622 0.9952 -0.0758
vn -0.4691 0.0980 -0.8777
vn -0.4511 0.2903 -0.8439
vn -0.4157 0.4714 -0.7778
vn -0.3644 0.6344 -0.6817
vn -0.2991 0.7730 -0.5595
vn -0.2222 0.8819 -0.4157
vn -0.1368 0.9569 -0.2560
vn -0.0462 0.9952 -0.0864
vn -0.2889 0.0980 -0.9523
vn -0.2778 0.2903 -0.9157
vn -0.2560 0.4714 -0.8439
vn -0.2244 0.6344 -0.7397
vn -0.1842 0.7730 -0.6071
vn -0.1368 0.8819 -0.4511
vn -0.0843 0.9569 -0.2778
vn -0.0285 0.9952 -0.0938
vn -0.0975 0.0980 -0.9904
vn -0.0938 0.2903 -0.9523
vn -0.0864 0.4714 -0.8777
vn -0.0758 0.6344 -0.7693
vn -0.0622 0.7730 -0.6313
vn -0.0462 0.8819 -0.4691
vn -0.0285 0.9569 -0.2889
vn -0.0096 0.9952 -0.0975
vn 0.0975 0.0980 -0.9904
vn 0.0938 0.2903 -0.9523
vn 0.0864 0.4714 -0.8777
vn 0.0758 0.6344 -0.7693
vn 0.0622 0.7730 -0.6313
vn 0.0462 0.8819 -0.4691
vn 0.0285 0.9569 -0.2889
vn 0.0096 0.9952 -0.0975
vn 0.2889 0.0980 -0.9523
vn 0.2778 0.2903 -0.9157
vn 0.2560 0.4714 -0.8439
vn 0.2244 0.6344 -0.7397
vn 0.1842 0.7730 -0.6071
vn 0.1368 0.8819 -0.4511
vn 0.0843 0.9569 -0.2778
vn 0.0285 0.9952 -0.0938
vn 0.4691 0.0980 -0.8777
vn 0.4511 0.2903 -0.8439
vn 0.4157 0.4714 -0.7778
vn 0.3644 0.6344 -0.6817
vn 0.2991 0.7730 -0.5595
vn 0.2222 0.8819 -0.4157
vn 0.1368 0.9569 -0.2560
vn 0.0462 0.9952 -0.0864
vn 0.6313 0.0980 -0.7693
vn 0.6071 0.2903 -0.7397
vn 0.5595 0.4714 -0.6817
vn 0.4904 0.6344 -0.5975
vn 0.4025 0.7730 -0.4904
vn 0.2991 0.8819 -0.3644
vn 0.1842 0.9569 -0.2244
vn 0.0622 0.9952 -0.0758
vn 0.7693 0.0980 -0.6313
vn 0.7397 0.2903 -0.6071
vn 0.6817 0.4714 -0.5595
vn 0.5975 0.6344 -0.4904
vn 0.4904 0.7730 -0.4025
vn 0.3644 0.8819 -0.2991
vn 0.2244 0.9569 -0.1842
vn 0.0758 0.9952 -0.0622
vn 0.8777 0.0980 -0.4691
vn 0.8439 0.2903 -0.4511
vn 0.7778 0.4714 -0.4157
vn 0.6817 0.6344 -0.3644
vn 0.5595 0.7730 -0.2991
vn 0.4157 0.8819 -0.2222
vn 0.2560 0.9569 -0.1368
vn 0.0864 0.9952 -0.0462
vn 0.9523 0.0980 -0.2889
vn 0.9157 0.2903 -0.2778
vn 0.8439 0.4714 -0.2560
vn 0.7397 0.6344 -0.2244
vn 0.6071 0.7730 -0.1842
vn 0.4511 0.8819 -0.1368
vn 0.2778 0.9569 -0.0843
vn 0.0938 0.9952 -0.0285
vn 0.9904 0.0980 -0.0975
vn 0.9523 0.2903 -0.0938
vn 0.8777 0.4714 -0.0864
vn 0.7693 0.6344 -0.0758
vn 0.6313 0.7730 -0.0622
vn 0.4691 0.8819 -0.0462
vn 0.2889 0.9569 -0.0285
vn 0.0975 0.9952 -0.0096
vn 0.9904 0.0980 0.0975
vn 0.9523 0.2903 0.0938
vn 0.8777 0.4714 0.0864
vn 0.7693 0.6344 0.0758
vn 0.6313 0.7730 0.0622
vn 0.4691 0.8819 0.0462
vn 0.2889 0.9569 0.0285
vn 0.0975 0.9952 0.0096
vn 0.9523 0.0980 0.2889
vn 0.9157 0.2903 0.2778
vn 0.8439 0.4714 0.2560
vn 0.7397 0.6344 0.2244
vn 0.6071 0.7730 0.1842
vn 0.4511 0.8819 0.1368
vn 0.2778 0.9569 0.0843
vn 0.0938 0.9952 0.0284
vn 0.8777 0.0980 0.4691
vn 0.8439 0.2903 0.4511
vn 0.7778 0.4714 0.4157
vn 0.6817 0.6344 0.3644
vn 0.5595 0.7730 0.2991
vn 0.4157 0.8819 0.2222
vn 0.2560 0.9569 0.1368
vn 0.0864 0.9952 0.0462
vn 0.7693 0.0980 0.6313
vn 0.7397 0.2903 0.6071
vn 0.6817 0.4714 0.5595
vn 0.5975 0.6344 0.4904
vn 0.4904 0.7730 0.4025
vn 0.3644 0.8819 0.2991
vn 0.2244 0.9569 0.1842
vn 0.0758 0.9952 0.0622
vn 0.6313 0.0980 0.7693
vn 0.6071 0.2903 0.7397
vn 0.5595 0.4714 0.6817
vn 0.4904 0.6344 0.5975
vn 0.4025 0.7730 0.4904
vn 0.2991 0.8819 0.3644
vn 0.1842 0.9569 0.2244
vn 0.0622 0.9952 0.0758
vn 0.4691 0.0980 0.8777
vn 0.4511 0.2903 0.8439
vn 0.4157 0.4714 0.7778
vn 0.3644 0.6344 0.6817
vn 0.2991 0.7730 0.5595
vn 0.2222 0.8819 0.4157
vn 0.1368 0.9569 0.2560
vn 0.0462 0.9952 0.0864
vn 0.2889 0.0980 0.9523
vn 0.2778 0.2903 0.9157
vn 0.2560 0.4714 0.8439
vn 0.2244 0.6344 0.7397
vn 0.1842 0.7730 0.6071
vn 0.1368 0.8819 0.4511
vn 0.0843 0.9569 0.2778
vn 0.0285 0.9952 0.0938
vn 0.0975 0.0980 0.9904
vn 0.0938 0.2903 0.9523
vn 0.0864 0.4714 0.8777
vn 0.0758 0.6344 0.7693
vn 0.0622 0.7730 0.6313
vn 0.0462 0.8819 0.4691
vn 0.0285 0.9569 0.2889
vn 0.0096 0.9952 0.0975
vn -0.0975 0.0980 0.9904
vn -0.0938 0.2903 0.9523
vn -0.0864 0.4714 0.8777
vn -0.0758 0.6344 0.7693
vn -0.0622 0.7730 0.6313
vn -0.0462 0.8819 0.4691
vn -0.0285 0.9569 0.2889
vn -0.0096 0.9952 0.0975
vn -0.2889 0.0980 0.9523
vn -0.2778 0.2903 0.9157
vn -0.2560 0.4714 0.8439
vn -0.2244 0.6344 0.7397
vn -0.1842 0.7730 0.6071
vn -0.1368 0.8819 0.4511
vn -0.0843 0.9569 0.2778
vn -0.0285 0.9952 0.0938
vn -0.4691 0.0980 0.8777
vn -0.4511 0.2903 0.8439
vn -0.4157 0.4714 0.7778
vn -0.3644 0.6344 0.6817
vn -0.2991 0.7730 0.5595
vn -0.2222 0.8819 0.4157
vn -0.1368 0.9569 0.2560
vn -0.0462 0.9952 0.0864
vn -0.6313 0.0980 0.7693
vn -0.6071 0.2903 0.7397
vn -0.5595 0.4714 0.6817
vn -0.4904 0.6344 0.5975
vn -0.4025 0.7730 0.4904
vn -0.2991 0.8819 0.3644
vn -0.1842 0.9569 0.2244
vn -0.0622 0.9952 0.0758
vn -0.7693 0.0980 0.6313
vn -0.7397 0.2903 0.6071
vn -0.6817 0.4714 0.5595
vn -0.5975 0.6344 0.4904
vn -0.4904 0.7730 0.4025
vn -0.3644 0.8819 0.2991
vn -0.2244 0.9569 0.1842
vn -0.0758 0.9952 0.0622
vn -0.8777 0.0980 0.4691
vn -0.8439 0.2903 0.4511
vn -0.7778 0.4714 0.4157
vn -0.6817 0.6344 0.3644
vn -0.5595 0.7730 0.2991
vn -0.4157 0.8819 0.2222
vn -0.2560 0.9569 0.1368
vn -0.0864 0.9952 0.0462
vn -0.9523 0.0980 0.2889
vn -0.9157 0.2903 0.2778
vn -0.8439 0.4714 0.2560
vn -0.7397 0.6344 0.2244
vn -0.6071 0.7730 0.1842
vn -0.4511 0.8819 0.1368
vn -0.2778 0.9569 0.0843
vn -0.0938 0.9952 0.0285
vn -0.9904 0.0980 0.0975
vn -0.9523 0.2903 0.0938
vn -0.8777 0.4714 0.0864
vn -0.7693 0.6344 0.0758
vn -0.6313 0.7730 0.0622
vn -0.4691 0.8819 0.0462
vn -0.2889 0.9569 0.0285
vn -0.0975 0.9952 0.0096
vn -0.9952 -0.0000 -0.0980
vn -0.0000 -1.0000 -0.0000
vn -0.2990 -0.7730 0.5595
vn 0.5595 -0.7730 0.2991
vn -0.5595 -0.7730 -0.2991
vn -0.5595 -0.7730 0.2991
vn 0.5595 -0.7730 -0.2991
vt 0.204102 0.833565
vt 0.204102 0.727980
vt 0.221061 0.729224
vt 0.221061 0.834809
vt 0.432362 0.827476
vt 0.447055 0.722918
vt 0.469091 0.725334
vt 0.454398 0.829892
vt 0.492432 0.728268
vt 0.477740 0.832826
vt 0.516182 0.731605
vt 0.501489 0.836163
vt 0.539428 0.735218
vt 0.524735 0.839776
vt 0.561276 0.738968
vt 0.546584 0.843526
vt 0.580888 0.742711
vt 0.566195 0.847269
vt 0.221061 0.834809
vt 0.221061 0.729224
vt 0.238019 0.727980
vt 0.238019 0.833565
vt 0.257961 0.727002
vt 0.257961 0.832587
vt 0.280118 0.726329
vt 0.280118 0.831914
vt 0.303641 0.725986
vt 0.303641 0.831571
vt 0.327624 0.725986
vt 0.327624 0.831571
vt 0.351147 0.726329
vt 0.351147 0.831914
vt 0.373304 0.727002
vt 0.373304 0.832587
vt 0.393246 0.727980
vt 0.393246 0.833565
vt 0.410205 0.729224
vt 0.410205 0.834809
vt 0.770698 0.188800
vt 0.785391 0.084242
vt 0.805274 0.086049
vt 0.790582 0.190607
vt 0.827310 0.088466
vt 0.812617 0.193024
vt 0.850651 0.091399
vt 0.835959 0.195957
vt 0.874401 0.094737
vt 0.859709 0.199294
vt 0.897647 0.098350
vt 0.882955 0.202908
vt 0.919496 0.102100
vt 0.904803 0.206658
vt 0.939107 0.105843
vt 0.924415 0.210401
vt 0.031917 0.834809
vt 0.031917 0.729224
vt 0.048875 0.727980
vt 0.048875 0.833565
vt 0.068817 0.727002
vt 0.068817 0.832587
vt 0.090974 0.726329
vt 0.090974 0.831914
vt 0.114497 0.725986
vt 0.114497 0.831571
vt 0.138480 0.725986
vt 0.138480 0.831571
vt 0.162003 0.726329
vt 0.162003 0.831914
vt 0.000000 0.938945
vt 0.000000 0.916630
vt 0.001592 0.916630
vt 0.001592 0.938945
vt 0.184160 0.727002
vt 0.184160 0.832587
vt 0.412479 0.825669
vt 0.427171 0.721111
vt 0.863525 0.301507
vt 0.864465 0.302914
vt 0.865113 0.304477
vt 0.865443 0.306136
vt 0.865443 0.307828
vt 0.865113 0.309488
vt 0.864465 0.311051
vt 0.863525 0.312458
vt 0.862329 0.313654
vt 0.860922 0.314594
vt 0.859359 0.315242
vt 0.857700 0.315572
vt 0.856008 0.315572
vt 0.854348 0.315242
vt 0.852785 0.314594
vt 0.851378 0.313654
vt 0.850182 0.312458
vt 0.849242 0.311051
vt 0.848595 0.309488
vt 0.848265 0.307828
vt 0.848265 0.306137
vt 0.848595 0.304477
vt 0.849242 0.302914
vt 0.850182 0.301507
vt 0.851378 0.300311
vt 0.852785 0.299371
vt 0.854348 0.298723
vt 0.856008 0.298393
vt 0.857700 0.298393
vt 0.859359 0.298723
vt 0.860922 0.299371
vt 0.862329 0.300311
vt 0.203998 0.835222
vt 0.184083 0.834246
vt 0.203691 0.836835
vt 0.183855 0.835863
vt 0.203192 0.838340
vt 0.183484 0.837374
vt 0.202520 0.839681
vt 0.182985 0.838723
vt 0.408070 0.596478
vt 0.395017 0.576943
vt 0.396155 0.576334
vt 0.409067 0.595659
vt 0.397453 0.575641
vt 0.410205 0.594725
vt 0.398861 0.574888
vt 0.411439 0.593712
vt 0.400326 0.574105
vt 0.412723 0.592659
vt 0.220934 0.836465
vt 0.220560 0.838072
vt 0.219952 0.839570
vt 0.394083 0.577442
vt 0.385013 0.555544
vt 0.386026 0.555237
vt 0.387261 0.554862
vt 0.388669 0.554435
vt 0.390197 0.553971
vt 0.391787 0.553489
vt 0.432208 0.829129
vt 0.412351 0.827325
vt 0.432209 0.830762
vt 0.412431 0.828964
vt 0.432366 0.832310
vt 0.412716 0.830524
vt 0.432672 0.833715
vt 0.413194 0.831945
vt 0.381443 0.532193
vt 0.382726 0.532067
vt 0.384191 0.531923
vt 0.385780 0.531766
vt 0.387433 0.531603
vt 0.454214 0.831542
vt 0.454128 0.833165
vt 0.454143 0.834698
vt 0.454259 0.836083
vt 0.381443 0.508699
vt 0.382726 0.508825
vt 0.384191 0.508970
vt 0.385780 0.509126
vt 0.387433 0.509289
vt 0.477524 0.834472
vt 0.477346 0.836083
vt 0.477211 0.837597
vt 0.477125 0.838956
vt 0.386026 0.485656
vt 0.387261 0.486030
vt 0.388669 0.486458
vt 0.390197 0.486921
vt 0.391787 0.487403
vt 0.501243 0.837805
vt 0.500970 0.839403
vt 0.500682 0.840896
vt 0.500391 0.842226
vt 0.395017 0.463950
vt 0.396155 0.464558
vt 0.397453 0.465252
vt 0.398861 0.466004
vt 0.400326 0.466787
vt 0.524457 0.841413
vt 0.524093 0.842997
vt 0.523656 0.844466
vt 0.523163 0.845765
vt 0.408070 0.444415
vt 0.409067 0.445233
vt 0.410205 0.446167
vt 0.411439 0.447180
vt 0.412723 0.448234
vt 0.546277 0.845158
vt 0.545825 0.846727
vt 0.545248 0.848172
vt 0.544566 0.849439
vt 0.424683 0.427802
vt 0.425501 0.428799
vt 0.426435 0.429937
vt 0.427448 0.431171
vt 0.428502 0.432455
vt 0.565862 0.848896
vt 0.565333 0.850450
vt 0.564629 0.851871
vt 0.563778 0.853105
vt 0.444218 0.414749
vt 0.444826 0.415886
vt 0.445520 0.417184
vt 0.446273 0.418593
vt 0.447056 0.420058
vt 0.582816 0.850861
vt 0.582460 0.852483
vt 0.581866 0.854023
vt 0.581055 0.855421
vt 0.443719 0.413815
vt 0.465617 0.404745
vt 0.465924 0.405758
vt 0.466299 0.406992
vt 0.466726 0.408401
vt 0.467189 0.409929
vt 0.467671 0.411518
vt 0.258038 0.834246
vt 0.238123 0.835222
vt 0.258266 0.835863
vt 0.238430 0.836835
vt 0.258637 0.837374
vt 0.238929 0.838340
vt 0.259136 0.838723
vt 0.239601 0.839681
vt 0.488967 0.401174
vt 0.489094 0.402458
vt 0.489238 0.403923
vt 0.489394 0.405512
vt 0.489557 0.407165
vt 0.280166 0.833574
vt 0.280306 0.835193
vt 0.280535 0.836709
vt 0.280842 0.838063
vt 0.512462 0.401174
vt 0.512335 0.402458
vt 0.512191 0.403923
vt 0.512034 0.405512
vt 0.511872 0.407165
vt 0.303657 0.833231
vt 0.303704 0.834851
vt 0.303781 0.836370
vt 0.303885 0.837727
vt 0.535505 0.405758
vt 0.535130 0.406992
vt 0.534703 0.408401
vt 0.534239 0.409929
vt 0.533757 0.411518
vt 0.327608 0.833231
vt 0.327561 0.834851
vt 0.327484 0.836370
vt 0.327380 0.837727
vt 0.557211 0.414749
vt 0.556603 0.415886
vt 0.555909 0.417184
vt 0.555156 0.418593
vt 0.554373 0.420058
vt 0.351099 0.833574
vt 0.350959 0.835193
vt 0.350730 0.836709
vt 0.350423 0.838063
vt 0.576746 0.427802
vt 0.575927 0.428799
vt 0.574994 0.429936
vt 0.573981 0.431171
vt 0.572927 0.432455
vt 0.373227 0.834246
vt 0.372999 0.835863
vt 0.372628 0.837374
vt 0.372129 0.838723
vt 0.593359 0.444415
vt 0.592362 0.445233
vt 0.591224 0.446167
vt 0.589990 0.447180
vt 0.588706 0.448233
vt 0.393142 0.835222
vt 0.392835 0.836835
vt 0.392336 0.838340
vt 0.391664 0.839681
vt 0.606412 0.463950
vt 0.605274 0.464558
vt 0.603976 0.465252
vt 0.602568 0.466004
vt 0.601103 0.466787
vt 0.410078 0.836465
vt 0.409704 0.838072
vt 0.409095 0.839570
vt 0.607346 0.463451
vt 0.616416 0.485348
vt 0.615403 0.485656
vt 0.614168 0.486030
vt 0.612760 0.486457
vt 0.611232 0.486921
vt 0.609642 0.487403
vt 0.790427 0.192261
vt 0.770570 0.190456
vt 0.790428 0.193893
vt 0.770650 0.192096
vt 0.790585 0.195442
vt 0.770935 0.193656
vt 0.790892 0.196847
vt 0.771414 0.195077
vt 0.619986 0.508699
vt 0.618703 0.508825
vt 0.617238 0.508970
vt 0.615649 0.509126
vt 0.613996 0.509289
vt 0.812434 0.194674
vt 0.812347 0.196297
vt 0.812363 0.197830
vt 0.812478 0.199214
vt 0.619986 0.532193
vt 0.618703 0.532067
vt 0.617238 0.531923
vt 0.615649 0.531766
vt 0.613996 0.531603
vt 0.835744 0.197603
vt 0.835565 0.199215
vt 0.835430 0.200729
vt 0.835344 0.202088
vt 0.615403 0.555236
vt 0.614168 0.554862
vt 0.612760 0.554435
vt 0.611232 0.553971
vt 0.609642 0.553489
vt 0.859462 0.200936
vt 0.859189 0.202534
vt 0.858902 0.204027
vt 0.858610 0.205357
vt 0.606412 0.576943
vt 0.605274 0.576334
vt 0.603976 0.575641
vt 0.602568 0.574888
vt 0.601103 0.574105
vt 0.882677 0.204545
vt 0.882312 0.206128
vt 0.881875 0.207598
vt 0.881382 0.208897
vt 0.593359 0.596477
vt 0.592362 0.595659
vt 0.591224 0.594725
vt 0.589990 0.593712
vt 0.588706 0.592659
vt 0.904496 0.208290
vt 0.904045 0.209859
vt 0.903467 0.211304
vt 0.902785 0.212570
vt 0.576746 0.613091
vt 0.575928 0.612093
vt 0.574994 0.610956
vt 0.573981 0.609721
vt 0.572927 0.608437
vt 0.924081 0.212028
vt 0.923552 0.213582
vt 0.922849 0.215003
vt 0.921997 0.216237
vt 0.557211 0.626143
vt 0.556603 0.625006
vt 0.555909 0.623708
vt 0.555156 0.622299
vt 0.554373 0.620835
vt 0.941035 0.213992
vt 0.940679 0.215615
vt 0.940085 0.217154
vt 0.939274 0.218553
vt 0.557710 0.627077
vt 0.535812 0.636148
vt 0.535505 0.635134
vt 0.535130 0.633900
vt 0.534703 0.632492
vt 0.534240 0.630963
vt 0.533757 0.629374
vt 0.068894 0.834246
vt 0.048979 0.835222
vt 0.069122 0.835863
vt 0.049286 0.836835
vt 0.069493 0.837374
vt 0.049786 0.838340
vt 0.069992 0.838723
vt 0.050457 0.839681
vt 0.512462 0.639718
vt 0.512335 0.638434
vt 0.512191 0.636970
vt 0.512035 0.635380
vt 0.511872 0.633727
vt 0.091022 0.833574
vt 0.091163 0.835193
vt 0.091391 0.836709
vt 0.091698 0.838063
vt 0.488967 0.639718
vt 0.489094 0.638434
vt 0.489238 0.636969
vt 0.489394 0.635380
vt 0.489557 0.633727
vt 0.114513 0.833231
vt 0.114560 0.834851
vt 0.114638 0.836370
vt 0.114741 0.837727
vt 0.465924 0.635134
vt 0.466299 0.633900
vt 0.466726 0.632492
vt 0.467189 0.630963
vt 0.467672 0.629374
vt 0.138464 0.833231
vt 0.138417 0.834851
vt 0.138340 0.836370
vt 0.138236 0.837727
vt 0.444218 0.626144
vt 0.444826 0.625006
vt 0.445520 0.623708
vt 0.446273 0.622299
vt 0.447056 0.620835
vt 0.161955 0.833574
vt 0.161815 0.835193
vt 0.161586 0.836709
vt 0.161279 0.838063
vt 0.424683 0.613091
vt 0.425502 0.612093
vt 0.426435 0.610956
vt 0.427448 0.609721
vt 0.428502 0.608437
vt 0.018013 0.981446
vt 0.017386 0.960830
vt 0.018978 0.960830
vt 0.019604 0.981446
vt 0.182974 0.701805
vt 0.202505 0.702762
vt 0.179461 0.677902
vt 0.197777 0.678800
vt 0.173755 0.656211
vt 0.190099 0.657012
vt 0.779344 0.370593
vt 0.768424 0.354249
vt 0.782789 0.346571
vt 0.791935 0.360260
vt 0.800292 0.337215
vt 0.807277 0.347669
vt 0.820262 0.326541
vt 0.824781 0.333304
vt 0.841931 0.314959
vt 0.843774 0.317717
vt 0.410205 0.719983
vt 0.415644 0.695256
vt 0.432262 0.696361
vt 0.424694 0.672253
vt 0.440278 0.673289
vt 0.437008 0.651858
vt 0.450914 0.652782
vt 0.793243 0.384492
vt 0.803576 0.371901
vt 0.816167 0.356559
vt 0.830532 0.339055
vt 0.846119 0.320062
vt 0.451736 0.698131
vt 0.458541 0.674949
vt 0.467210 0.654263
vt 0.809587 0.395412
vt 0.817265 0.381047
vt 0.826621 0.363544
vt 0.837295 0.343574
vt 0.848877 0.321905
vt 0.473318 0.700498
vt 0.478781 0.677169
vt 0.485270 0.656244
vt 0.477408 0.636868
vt 0.492534 0.638527
vt 0.832475 0.387348
vt 0.838237 0.368355
vt 0.844810 0.346686
vt 0.851942 0.323175
vt 0.496180 0.703371
vt 0.500221 0.679863
vt 0.504400 0.658648
vt 0.508556 0.640541
vt 0.848622 0.390559
vt 0.850567 0.370808
vt 0.852787 0.348273
vt 0.855195 0.323822
vt 0.519441 0.706639
vt 0.522035 0.682928
vt 0.523865 0.661383
vt 0.524859 0.642832
vt 0.865085 0.390559
vt 0.863140 0.370808
vt 0.860920 0.348273
vt 0.858512 0.323822
vt 0.542209 0.710178
vt 0.543387 0.686247
vt 0.542917 0.664344
vt 0.540817 0.645312
vt 0.881232 0.387348
vt 0.875471 0.368355
vt 0.868898 0.346686
vt 0.861766 0.323175
vt 0.563608 0.713851
vt 0.563455 0.689692
vt 0.560823 0.667418
vt 0.555814 0.647886
vt 0.896442 0.381047
vt 0.887086 0.363544
vt 0.876412 0.343574
vt 0.864830 0.321905
vt 0.582816 0.717517
vt 0.581468 0.693129
vt 0.576896 0.670486
vt 0.920464 0.384492
vt 0.904120 0.395412
vt 0.910131 0.371901
vt 0.897540 0.356559
vt 0.883175 0.339055
vt 0.867588 0.320062
vt 0.223006 0.703981
vt 0.239616 0.702762
vt 0.228767 0.679942
vt 0.244344 0.678800
vt 0.238123 0.658032
vt 0.252022 0.657012
vt 0.934363 0.370593
vt 0.921772 0.360260
vt 0.906430 0.347669
vt 0.888926 0.333304
vt 0.869934 0.317717
vt 0.259147 0.701805
vt 0.262660 0.677902
vt 0.268366 0.656211
vt 0.945283 0.354249
vt 0.930919 0.346571
vt 0.913415 0.337215
vt 0.893445 0.326541
vt 0.871777 0.314959
vt 0.280849 0.701145
vt 0.283012 0.677283
vt 0.286526 0.655659
vt 0.276044 0.637566
vt 0.291254 0.637104
vt 0.937219 0.331361
vt 0.918226 0.325600
vt 0.896558 0.319027
vt 0.873046 0.311894
vt 0.303888 0.700809
vt 0.304618 0.676968
vt 0.305804 0.655378
vt 0.307401 0.636869
vt 0.940431 0.315214
vt 0.920679 0.313269
vt 0.898144 0.311049
vt 0.873693 0.308641
vt 0.327377 0.700809
vt 0.326647 0.676968
vt 0.325461 0.655378
vt 0.323864 0.636869
vt 0.940431 0.298751
vt 0.920679 0.300696
vt 0.898144 0.302916
vt 0.873693 0.305324
vt 0.350416 0.701145
vt 0.348253 0.677283
vt 0.344739 0.655659
vt 0.340011 0.637104
vt 0.937219 0.282604
vt 0.918226 0.288365
vt 0.896558 0.294938
vt 0.873046 0.302071
vt 0.372118 0.701805
vt 0.368605 0.677902
vt 0.362899 0.656211
vt 0.355221 0.637566
vt 0.930919 0.267394
vt 0.913415 0.276750
vt 0.893445 0.287424
vt 0.871777 0.299006
vt 0.391649 0.702762
vt 0.386921 0.678800
vt 0.379243 0.657012
vt 0.934363 0.243372
vt 0.945283 0.259716
vt 0.921772 0.253705
vt 0.906430 0.266296
vt 0.888926 0.280661
vt 0.869934 0.296248
vt 0.768424 0.083114
vt 0.773863 0.058388
vt 0.790481 0.059493
vt 0.782913 0.035385
vt 0.798498 0.036421
vt 0.795227 0.014989
vt 0.809133 0.015914
vt 0.920464 0.229473
vt 0.910131 0.242064
vt 0.897540 0.257406
vt 0.883175 0.274910
vt 0.867588 0.293902
vt 0.809955 0.061262
vt 0.816761 0.038081
vt 0.825429 0.017395
vt 0.904120 0.218553
vt 0.896442 0.232918
vt 0.887086 0.250421
vt 0.876412 0.270391
vt 0.864830 0.292060
vt 0.831538 0.063629
vt 0.837001 0.040300
vt 0.843489 0.019375
vt 0.835627 -0.000000
vt 0.850753 0.001659
vt 0.881232 0.226617
vt 0.875471 0.245610
vt 0.868898 0.267278
vt 0.861766 0.290790
vt 0.854399 0.066502
vt 0.858440 0.042994
vt 0.862619 0.021779
vt 0.866776 0.003672
vt 0.865085 0.223406
vt 0.863140 0.243157
vt 0.860920 0.265692
vt 0.858512 0.290143
vt 0.877661 0.069771
vt 0.880255 0.046060
vt 0.882084 0.024515
vt 0.883079 0.005963
vt 0.848622 0.223406
vt 0.850567 0.243157
vt 0.852787 0.265692
vt 0.855195 0.290143
vt 0.900428 0.073310
vt 0.901606 0.049379
vt 0.901136 0.027476
vt 0.899036 0.008444
vt 0.832475 0.226617
vt 0.838237 0.245610
vt 0.844810 0.267278
vt 0.851942 0.290790
vt 0.921827 0.076983
vt 0.921674 0.052823
vt 0.919043 0.030549
vt 0.914034 0.011018
vt 0.817265 0.232918
vt 0.826621 0.250421
vt 0.837295 0.270391
vt 0.848877 0.292060
vt 0.941035 0.080649
vt 0.939687 0.056261
vt 0.935116 0.033617
vt 0.793243 0.229473
vt 0.809587 0.218553
vt 0.803576 0.242064
vt 0.816167 0.257406
vt 0.830532 0.274910
vt 0.846119 0.293902
vt 0.033862 0.703981
vt 0.050472 0.702762
vt 0.039623 0.679942
vt 0.055200 0.678800
vt 0.048979 0.658032
vt 0.062878 0.657012
vt 0.779344 0.243372
vt 0.791935 0.253705
vt 0.807277 0.266296
vt 0.824781 0.280661
vt 0.843774 0.296248
vt 0.070003 0.701805
vt 0.073516 0.677902
vt 0.079222 0.656211
vt 0.768424 0.259716
vt 0.782789 0.267394
vt 0.800292 0.276750
vt 0.820262 0.287424
vt 0.841931 0.299006
vt 0.091705 0.701145
vt 0.093869 0.677283
vt 0.097382 0.655659
vt 0.086900 0.637566
vt 0.102110 0.637104
vt 0.776489 0.282604
vt 0.795481 0.288365
vt 0.817150 0.294938
vt 0.840661 0.302071
vt 0.114744 0.700809
vt 0.115474 0.676968
vt 0.116660 0.655378
vt 0.118257 0.636869
vt 0.773277 0.298751
vt 0.793028 0.300696
vt 0.815563 0.302916
vt 0.840014 0.305324
vt 0.138234 0.700809
vt 0.137503 0.676968
vt 0.136317 0.655378
vt 0.134720 0.636869
vt 0.773277 0.315214
vt 0.793028 0.313269
vt 0.815563 0.311049
vt 0.840014 0.308641
vt 0.161272 0.701145
vt 0.159109 0.677283
vt 0.155595 0.655659
vt 0.150867 0.637104
vt 0.776489 0.331361
vt 0.795481 0.325600
vt 0.817150 0.319027
vt 0.840661 0.311894
vt 0.166077 0.637566
vt 0.001855 1.000000
vt 0.000946 0.981446
vt 0.002537 0.981446
vt 0.003447 1.000000
vt 0.000946 0.874129
vt 0.001855 0.855575
vt 0.003447 0.855575
vt 0.002537 0.874129
vt 0.017386 0.894744
vt 0.018013 0.874129
vt 0.019604 0.874129
vt 0.018978 0.894744
vt 0.620306 0.539884
vt 0.619986 0.517998
vt 0.621578 0.517998
vt 0.621897 0.539884
vt 0.620932 0.720704
vt 0.620306 0.700088
vt 0.621897 0.700088
vt 0.622524 0.720704
vt 0.620932 0.453182
vt 0.621842 0.434628
vt 0.623433 0.434628
vt 0.622524 0.453182
vt 0.620306 0.634002
vt 0.620932 0.613386
vt 0.622524 0.613386
vt 0.621897 0.634002
vt 0.017067 0.938945
vt 0.018659 0.938945
vt 0.000319 0.960830
vt 0.001911 0.960830
vt 0.003013 0.839796
vt 0.004604 0.839796
vt 0.018922 0.855575
vt 0.020514 0.855575
vt 0.619986 0.495684
vt 0.621578 0.495684
vt 0.619986 0.678202
vt 0.621578 0.678202
vt 0.622999 0.418850
vt 0.624591 0.418850
vt 0.621842 0.594832
vt 0.623433 0.594832
vt 0.788325 0.921997
vt 0.777993 0.906533
vt 0.770876 0.889351
vt 0.767247 0.871110
vt 0.767247 0.852512
vt 0.770876 0.834272
vt 0.777993 0.817089
vt 0.788325 0.801626
vt 0.801476 0.788475
vt 0.816940 0.778143
vt 0.834122 0.771025
vt 0.852362 0.767397
vt 0.870960 0.767397
vt 0.889201 0.771025
vt 0.906383 0.778143
vt 0.921847 0.788475
vt 0.934998 0.801626
vt 0.945330 0.817089
vt 0.952447 0.834272
vt 0.956075 0.852512
vt 0.956076 0.871110
vt 0.952447 0.889351
vt 0.945330 0.906533
vt 0.934998 0.921997
vt 0.921847 0.935147
vt 0.906383 0.945480
vt 0.889201 0.952597
vt 0.870960 0.956225
vt 0.852363 0.956225
vt 0.834122 0.952597
vt 0.816940 0.945480
vt 0.801476 0.935147
vt 0.017067 0.916630
vt 0.018659 0.916630
vt 0.621842 0.579054
vt 0.620932 0.560500
vt 0.622524 0.560500
vt 0.623433 0.579054
vt 0.020080 0.839796
vt 0.021671 0.839796
vt 0.620306 0.473798
vt 0.621897 0.473798
vt 0.619986 0.655888
vt 0.621578 0.655888
vt 0.018922 1.000000
vt 0.020514 1.000000
vt 0.622999 0.579054
vt 0.624591 0.579054
vt 0.000319 0.894744
vt 0.001911 0.894744
vt 0.621842 0.739258
vt 0.623433 0.739258
vt 0.815196 0.948742
vt 0.799130 0.938006
vt 0.813520 0.951878
vt 0.796873 0.940756
vt 0.811975 0.954769
vt 0.794794 0.943289
vt 0.810620 0.957303
vt 0.792972 0.945510
vt 0.925762 0.837763
vt 0.925458 0.858581
vt 0.922435 0.858350
vt 0.922745 0.837078
vt 0.919054 0.858178
vt 0.919369 0.836570
vt 0.915445 0.858072
vt 0.915764 0.836256
vt 0.911748 0.858036
vt 0.912067 0.836151
vt 0.852000 0.959906
vt 0.833048 0.956136
vt 0.851651 0.963445
vt 0.832016 0.959540
vt 0.851330 0.966707
vt 0.831064 0.962676
vt 0.851049 0.969566
vt 0.830230 0.965425
vt 0.925458 0.879807
vt 0.925762 0.900625
vt 0.922745 0.901309
vt 0.922435 0.880038
vt 0.919369 0.901818
vt 0.919054 0.880209
vt 0.915764 0.902131
vt 0.915445 0.880315
vt 0.912067 0.902237
vt 0.911748 0.880351
vt 0.890275 0.956136
vt 0.871323 0.959906
vt 0.891307 0.959540
vt 0.871672 0.963445
vt 0.892259 0.962676
vt 0.871993 0.966707
vt 0.893093 0.965425
vt 0.872274 0.969566
vt 0.926358 0.920235
vt 0.927223 0.937884
vt 0.924238 0.939379
vt 0.923354 0.921346
vt 0.920886 0.940491
vt 0.919988 0.922172
vt 0.917295 0.941175
vt 0.916388 0.922681
vt 0.913603 0.941406
vt 0.912694 0.922852
vt 0.924193 0.938006
vt 0.908127 0.948742
vt 0.926450 0.940756
vt 0.909803 0.951878
vt 0.928529 0.943289
vt 0.911348 0.954769
vt 0.930351 0.945510
vt 0.912703 0.957303
vt 0.890960 0.824918
vt 0.890094 0.842566
vt 0.887091 0.841455
vt 0.887975 0.823422
vt 0.883724 0.840629
vt 0.884622 0.822310
vt 0.880125 0.840120
vt 0.881031 0.821626
vt 0.876430 0.839949
vt 0.877339 0.821395
vt 0.948592 0.908276
vt 0.937857 0.924343
vt 0.951729 0.909953
vt 0.940606 0.926599
vt 0.954619 0.911498
vt 0.943140 0.928679
vt 0.957153 0.912852
vt 0.945360 0.930501
vt 0.889499 0.862176
vt 0.889195 0.882994
vt 0.886171 0.882763
vt 0.886482 0.861492
vt 0.882790 0.882592
vt 0.883106 0.860983
vt 0.879182 0.882486
vt 0.879500 0.860670
vt 0.875484 0.882450
vt 0.875804 0.860565
vt 0.959756 0.871473
vt 0.955987 0.890424
vt 0.963296 0.871821
vt 0.959390 0.891457
vt 0.966558 0.872142
vt 0.962526 0.892408
vt 0.969417 0.872424
vt 0.965276 0.893242
vt 0.889195 0.904220
vt 0.889499 0.925038
vt 0.886482 0.925723
vt 0.886171 0.904452
vt 0.883106 0.926231
vt 0.882790 0.904623
vt 0.879500 0.926545
vt 0.879182 0.904729
vt 0.875804 0.926650
vt 0.875484 0.904765
vt 0.955987 0.833198
vt 0.959756 0.852150
vt 0.959390 0.832165
vt 0.963296 0.851801
vt 0.962526 0.831214
vt 0.966558 0.851480
vt 0.965276 0.830380
vt 0.969417 0.851198
vt 0.890094 0.944649
vt 0.890960 0.962297
vt 0.887975 0.963793
vt 0.887091 0.945760
vt 0.884622 0.964905
vt 0.883724 0.946586
vt 0.881031 0.965589
vt 0.880125 0.947095
vt 0.877339 0.965820
vt 0.876430 0.947266
vt 0.937857 0.799279
vt 0.948592 0.815346
vt 0.940606 0.797023
vt 0.951728 0.813669
vt 0.943140 0.794944
vt 0.954619 0.812124
vt 0.945360 0.793121
vt 0.957153 0.810770
vt 0.944290 0.800504
vt 0.943425 0.818152
vt 0.940421 0.817041
vt 0.941305 0.799008
vt 0.937055 0.816215
vt 0.937953 0.797897
vt 0.933455 0.815707
vt 0.934362 0.797212
vt 0.929761 0.815535
vt 0.930670 0.796981
vt 0.908127 0.774881
vt 0.924193 0.785616
vt 0.909803 0.771744
vt 0.926449 0.782867
vt 0.911348 0.768853
vt 0.928529 0.780333
vt 0.912703 0.766320
vt 0.930351 0.778112
vt 0.942829 0.837763
vt 0.942525 0.858581
vt 0.939502 0.858350
vt 0.939812 0.837078
vt 0.936121 0.858178
vt 0.936436 0.836570
vt 0.932512 0.858072
vt 0.932831 0.836256
vt 0.928815 0.858036
vt 0.929134 0.836151
vt 0.871323 0.763716
vt 0.890275 0.767486
vt 0.871671 0.760177
vt 0.891307 0.764083
vt 0.871993 0.756915
vt 0.892258 0.760946
vt 0.872274 0.754056
vt 0.893092 0.758197
vt 0.942525 0.879807
vt 0.942829 0.900625
vt 0.939812 0.901309
vt 0.939502 0.880038
vt 0.936436 0.901818
vt 0.936121 0.880209
vt 0.932831 0.902131
vt 0.932512 0.880315
vt 0.929134 0.902237
vt 0.928815 0.880351
vt 0.833048 0.767486
vt 0.852000 0.763716
vt 0.832016 0.764083
vt 0.851651 0.760177
vt 0.831064 0.760946
vt 0.851330 0.756915
vt 0.830230 0.758197
vt 0.851048 0.754056
vt 0.943425 0.920235
vt 0.944290 0.937884
vt 0.941305 0.939379
vt 0.940421 0.921346
vt 0.937953 0.940491
vt 0.937055 0.922172
vt 0.934362 0.941175
vt 0.933455 0.922681
vt 0.930670 0.941406
vt 0.929761 0.922852
vt 0.799130 0.785616
vt 0.815196 0.774881
vt 0.796873 0.782867
vt 0.813520 0.771744
vt 0.794794 0.780333
vt 0.811974 0.768853
vt 0.792971 0.778112
vt 0.810620 0.766320
vt 0.890960 0.664714
vt 0.890094 0.682362
vt 0.887091 0.681251
vt 0.887975 0.663218
vt 0.883724 0.680425
vt 0.884622 0.662107
vt 0.880125 0.679917
vt 0.881031 0.661422
vt 0.876430 0.679745
vt 0.877340 0.661191
vt 0.774731 0.815346
vt 0.785466 0.799279
vt 0.771594 0.813669
vt 0.782717 0.797023
vt 0.768704 0.812124
vt 0.780183 0.794944
vt 0.766170 0.810770
vt 0.777962 0.793121
vt 0.889499 0.701972
vt 0.889195 0.722791
vt 0.886171 0.722559
vt 0.886482 0.701288
vt 0.882790 0.722388
vt 0.883106 0.700780
vt 0.879182 0.722282
vt 0.879500 0.700466
vt 0.875484 0.722246
vt 0.875804 0.700361
vt 0.763567 0.852150
vt 0.767336 0.833198
vt 0.760027 0.851801
vt 0.763933 0.832166
vt 0.756765 0.851480
vt 0.760796 0.831214
vt 0.753906 0.851198
vt 0.758047 0.830380
vt 0.889195 0.744017
vt 0.889499 0.764835
vt 0.886482 0.765519
vt 0.886171 0.744248
vt 0.883106 0.766028
vt 0.882790 0.744419
vt 0.879500 0.766341
vt 0.879182 0.744525
vt 0.875804 0.766446
vt 0.875484 0.744561
vt 0.767336 0.890424
vt 0.763567 0.871473
vt 0.763933 0.891457
vt 0.760027 0.871821
vt 0.760796 0.892408
vt 0.756765 0.872143
vt 0.758047 0.893242
vt 0.753906 0.872424
vt 0.890094 0.784445
vt 0.890960 0.802094
vt 0.887975 0.803589
vt 0.887091 0.785556
vt 0.884622 0.804701
vt 0.883724 0.786382
vt 0.881031 0.805385
vt 0.880125 0.786891
vt 0.877339 0.805616
vt 0.876430 0.787062
vt 0.785466 0.924343
vt 0.774731 0.908277
vt 0.782717 0.926599
vt 0.771594 0.909953
vt 0.780183 0.928679
vt 0.768704 0.911498
vt 0.777963 0.930501
vt 0.766170 0.912852
vt 0.927223 0.800504
vt 0.926358 0.818152
vt 0.923354 0.817041
vt 0.924238 0.799008
vt 0.919988 0.816215
vt 0.920886 0.797897
vt 0.916388 0.815707
vt 0.917295 0.797212
vt 0.912694 0.815535
vt 0.913603 0.796981
vt 0.913814 0.959382
vt 0.893777 0.967682
vt 0.889100 0.808086
vt 0.885765 0.806732
vt 0.882185 0.805898
vt 0.878497 0.805616
vt 0.959232 0.809658
vt 0.967532 0.829696
vt 0.942430 0.783672
vt 0.939095 0.782318
vt 0.935515 0.781484
vt 0.931828 0.781202
vt 0.809509 0.764241
vt 0.829546 0.755941
vt 0.889100 0.647882
vt 0.885765 0.646528
vt 0.882185 0.645694
vt 0.878497 0.645412
vt 0.764091 0.913964
vt 0.755791 0.893927
vt 0.925363 0.783672
vt 0.922029 0.782318
vt 0.918449 0.781484
vt 0.914761 0.781202
s 0
f 75/134/35 363/135/35 372/136/35 84/137/35
f 93/138/36 381/139/36 390/140/36 102/141/36
f 102/141/37 390/140/37 399/142/37 111/143/37
f 111/143/38 399/142/38 408/144/38 120/145/38
f 120/145/39 408/144/39 417/146/39 129/147/39
f 129/147/40 417/146/40 426/148/40 138/149/40
f 138/149/41 426/148/41 435/150/41 147/151/41
f 147/152/42 435/153/42 444/154/42 156/155/42
f 156/155/43 444/154/43 453/156/43 165/157/43
f 165/157/44 453/156/44 462/158/44 174/159/44
f 174/159/45 462/158/45 471/160/45 183/161/45
f 183/161/46 471/160/46 480/162/46 192/163/46
f 192/163/47 480/162/47 489/164/47 201/165/47
f 201/165/48 489/164/48 498/166/48 210/167/48
f 210/167/49 498/166/49 507/168/49 219/169/49
f 219/169/50 507/168/50 516/170/50 228/171/50
f 228/172/51 516/173/51 525/174/51 237/175/51
f 237/175/52 525/174/52 534/176/52 246/177/52
f 246/177/53 534/176/53 543/178/53 255/179/53
f 255/179/54 543/178/54 552/180/54 264/181/54
f 264/181/55 552/180/55 561/182/55 273/183/55
f 273/183/56 561/182/56 570/184/56 282/185/56
f 282/185/57 570/184/57 579/186/57 291/187/57
f 291/188/58 579/189/58 588/190/58 300/191/58
f 300/191/59 588/190/59 597/192/59 309/193/59
f 309/193/60 597/192/60 606/194/60 318/195/60
f 318/195/61 606/194/61 615/196/61 327/197/61
f 327/197/62 615/196/62 624/198/62 336/199/62
f 336/199/63 624/198/63 633/200/63 345/201/63
f 326/202/62 335/203/62 651/204/62 660/205/62
f 345/201/64 633/200/64 353/206/64 66/207/64
f 84/208/65 372/209/65 381/139/65 93/138/65
f 362/210/66 354/211/66 632/212/66 623/213/66 614/214/66 605/215/66 596/216/66 587/217/66 578/218/66 569/219/66 560/220/66 551/221/66 542/222/66 533/223/66 524/224/66 515/225/66 506/226/66 497/227/66 488/228/66 479/229/66 470/230/66 461/231/66 452/232/66 443/233/66 434/234/66 425/235/66 416/236/66 407/237/66 398/238/66 389/239/66 380/240/66 371/241/66
f 66/207/67 75/134/67 82/242/67 73/243/67
f 73/243/68 82/242/68 81/244/68 72/245/68
f 72/245/69 81/244/69 80/246/69 71/247/69
f 71/247/70 80/246/70 79/248/70 70/249/70
f 70/250/71 79/251/71 78/252/71 69/253/71
f 69/253/72 78/252/72 77/254/72 68/255/72
f 68/255/73 77/254/73 76/256/73 67/257/73
f 67/257/74 76/256/74 74/258/74 65/259/74
f 75/134/75 84/137/75 91/260/75 82/242/75
f 82/242/76 91/260/76 90/261/76 81/244/76
f 81/244/77 90/261/77 89/262/77 80/246/77
f 80/263/78 89/264/78 88/265/78 79/251/78
f 79/251/79 88/265/79 87/266/79 78/252/79
f 78/252/80 87/266/80 86/267/80 77/254/80
f 77/254/81 86/267/81 85/268/81 76/256/81
f 76/256/82 85/268/82 83/269/82 74/258/82
f 84/208/83 93/138/83 100/270/83 91/271/83
f 91/271/84 100/270/84 99/272/84 90/273/84
f 90/273/85 99/272/85 98/274/85 89/275/85
f 89/275/86 98/274/86 97/276/86 88/277/86
f 88/265/87 97/278/87 96/279/87 87/266/87
f 87/266/88 96/279/88 95/280/88 86/267/88
f 86/267/89 95/280/89 94/281/89 85/268/89
f 85/268/90 94/281/90 92/282/90 83/269/90
f 93/138/91 102/141/91 109/283/91 100/270/91
f 100/270/92 109/283/92 108/284/92 99/272/92
f 99/272/93 108/284/93 107/285/93 98/274/93
f 98/274/94 107/285/94 106/286/94 97/276/94
f 97/278/95 106/287/95 105/288/95 96/279/95
f 96/279/96 105/288/96 104/289/96 95/280/96
f 95/280/97 104/289/97 103/290/97 94/281/97
f 94/281/98 103/290/98 101/291/98 92/282/98
f 102/141/99 111/143/99 118/292/99 109/283/99
f 109/283/100 118/292/100 117/293/100 108/284/100
f 108/284/101 117/293/101 116/294/101 107/285/101
f 107/285/102 116/294/102 115/295/102 106/286/102
f 106/287/103 115/296/103 114/297/103 105/288/103
f 105/288/104 114/297/104 113/298/104 104/289/104
f 104/289/105 113/298/105 112/299/105 103/290/105
f 103/290/106 112/299/106 110/300/106 101/291/106
f 111/143/107 120/145/107 127/301/107 118/292/107
f 118/292/108 127/301/108 126/302/108 117/293/108
f 117/293/109 126/302/109 125/303/109 116/294/109
f 116/294/110 125/303/110 124/304/110 115/295/110
f 115/296/111 124/305/111 123/306/111 114/297/111
f 114/297/112 123/306/112 122/307/112 113/298/112
f 113/298/113 122/307/113 121/308/113 112/299/113
f 112/299/114 121/308/114 119/309/114 110/300/114
f 120/145/115 129/147/115 136/310/115 127/301/115
f 127/301/116 136/310/116 135/311/116 126/302/116
f 126/302/117 135/311/117 134/312/117 125/303/117
f 125/303/118 134/312/118 133/313/118 124/304/118
f 124/305/119 133/314/119 132/315/119 123/306/119
f 123/306/120 132/315/120 131/316/120 122/307/120
f 122/307/121 131/316/121 130/317/121 121/308/121
f 121/308/122 130/317/122 128/318/122 119/309/122
f 129/147/123 138/149/123 145/319/123 136/310/123
f 136/310/124 145/319/124 144/320/124 135/311/124
f 135/311/125 144/320/125 143/321/125 134/312/125
f 134/312/126 143/321/126 142/322/126 133/313/126
f 133/314/127 142/323/127 141/324/127 132/315/127
f 132/315/128 141/324/128 140/325/128 131/316/128
f 131/316/129 140/325/129 139/326/129 130/317/129
f 130/317/130 139/326/130 137/327/130 128/318/130
f 138/149/131 147/151/131 154/328/131 145/319/131
f 145/319/132 154/328/132 153/329/132 144/320/132
f 144/320/133 153/329/133 152/330/133 143/321/133
f 143/321/134 152/330/134 151/331/134 142/322/134
f 142/323/135 151/332/135 150/333/135 141/324/135
f 141/324/136 150/333/136 149/334/136 140/325/136
f 140/325/137 149/334/137 148/335/137 139/326/137
f 139/326/138 148/335/138 146/336/138 137/327/138
f 147/151/139 156/337/139 163/338/139 154/328/139
f 154/328/140 163/338/140 162/339/140 153/329/140
f 153/329/141 162/339/141 161/340/141 152/330/141
f 152/341/142 161/342/142 160/343/142 151/332/142
f 151/332/143 160/343/143 159/344/143 150/333/143
f 150/333/144 159/344/144 158/345/144 149/334/144
f 149/334/145 158/345/145 157/346/145 148/335/145
f 148/335/146 157/346/146 155/347/146 146/336/146
f 156/155/147 165/157/147 172/348/147 163/349/147
f 163/349/148 172/348/148 171/350/148 162/351/148
f 162/351/149 171/350/149 170/352/149 161/353/149
f 161/353/150 170/352/150 169/354/150 160/355/150
f 160/343/151 169/356/151 168/357/151 159/344/151
f 159/344/152 168/357/152 167/358/152 158/345/152
f 158/345/153 167/358/153 166/359/153 157/346/153
f 157/346/154 166/359/154 164/360/154 155/347/154
f 165/157/155 174/159/155 181/361/155 172/348/155
f 172/348/156 181/361/156 180/362/156 171/350/156
f 171/350/157 180/362/157 179/363/157 170/352/157
f 170/352/158 179/363/158 178/364/158 169/354/158
f 169/356/159 178/365/159 177/366/159 168/357/159
f 168/357/160 177/366/160 176/367/160 167/358/160
f 167/358/161 176/367/161 175/368/161 166/359/161
f 166/359/162 175/368/162 173/369/162 164/360/162
f 174/159/163 183/161/163 190/370/163 181/361/163
f 181/361/164 190/370/164 189/371/164 180/362/164
f 180/362/165 189/371/165 188/372/165 179/363/165
f 179/363/166 188/372/166 187/373/166 178/364/166
f 178/365/167 187/374/167 186/375/167 177/366/167
f 177/366/168 186/375/168 185/376/168 176/367/168
f 176/367/169 185/376/169 184/377/169 175/368/169
f 175/368/170 184/377/170 182/378/170 173/369/170
f 183/161/171 192/163/171 199/379/171 190/370/171
f 190/370/172 199/379/172 198/380/172 189/371/172
f 189/371/173 198/380/173 197/381/173 188/372/173
f 188/372/174 197/381/174 196/382/174 187/373/174
f 187/374/175 196/383/175 195/384/175 186/375/175
f 186/375/176 195/384/176 194/385/176 185/376/176
f 185/376/177 194/385/177 193/386/177 184/377/177
f 184/377/178 193/386/178 191/387/178 182/378/178
f 192/163/179 201/165/179 208/388/179 199/379/179
f 199/379/180 208/388/180 207/389/180 198/380/180
f 198/380/181 207/389/181 206/390/181 197/381/181
f 197/381/182 206/390/182 205/391/182 196/382/182
f 196/383/183 205/392/183 204/393/183 195/384/183
f 195/384/184 204/393/184 203/394/184 194/385/184
f 194/385/185 203/394/185 202/395/185 193/386/185
f 193/386/186 202/395/186 200/396/186 191/387/186
f 201/165/187 210/167/187 217/397/187 208/388/187
f 208/388/188 217/397/188 216/398/188 207/389/188
f 207/389/189 216/398/189 215/399/189 206/390/189
f 206/390/190 215/399/190 214/400/190 205/391/190
f 205/392/191 214/401/191 213/402/191 204/393/191
f 204/393/192 213/402/192 212/403/192 203/394/192
f 203/394/193 212/403/193 211/404/193 202/395/193
f 202/395/194 211/404/194 209/405/194 200/396/194
f 210/167/195 219/169/195 226/406/195 217/397/195
f 217/397/196 226/406/196 225/407/196 216/398/196
f 216/398/197 225/407/197 224/408/197 215/399/197
f 215/399/198 224/408/198 223/409/198 214/400/198
f 214/401/199 223/410/199 222/411/199 213/402/199
f 213/402/200 222/411/200 221/412/200 212/403/200
f 212/403/201 221/412/201 220/413/201 211/404/201
f 211/404/202 220/413/202 218/414/202 209/405/202
f 219/169/203 228/171/203 235/415/203 226/406/203
f 226/406/204 235/415/204 234/416/204 225/407/204
f 225/407/205 234/416/205 233/417/205 224/408/205
f 224/418/206 233/419/206 232/420/206 223/410/206
f 223/410/207 232/420/207 231/421/207 222/411/207
f 222/411/208 231/421/208 230/422/208 221/412/208
f 221/412/209 230/422/209 229/423/209 220/413/209
f 220/413/210 229/423/210 227/424/210 218/414/210
f 228/172/211 237/175/211 244/425/211 235/426/211
f 235/426/212 244/425/212 243/427/212 234/428/212
f 234/428/213 243/427/213 242/429/213 233/430/213
f 233/430/214 242/429/214 241/431/214 232/432/214
f 232/420/215 241/433/215 240/434/215 231/421/215
f 231/421/216 240/434/216 239/435/216 230/422/216
f 230/422/217 239/435/217 238/436/217 229/423/217
f 229/423/218 238/436/218 236/437/218 227/424/218
f 237/175/219 246/177/219 253/438/219 244/425/219
f 244/425/220 253/438/220 252/439/220 243/427/220
f 243/427/221 252/439/221 251/440/221 242/429/221
f 242/429/222 251/440/222 250/441/222 241/431/222
f 241/433/223 250/442/223 249/443/223 240/434/223
f 240/434/224 249/443/224 248/444/224 239/435/224
f 239/435/225 248/444/225 247/445/225 238/436/225
f 238/436/226 247/445/226 245/446/226 236/437/226
f 246/177/227 255/179/227 262/447/227 253/438/227
f 253/438/228 262/447/228 261/448/228 252/439/228
f 252/439/229 261/448/229 260/449/229 251/440/229
f 251/440/230 260/449/230 259/450/230 250/441/230
f 250/442/231 259/451/231 258/452/231 249/443/231
f 249/443/232 258/452/232 257/453/232 248/444/232
f 248/444/233 257/453/233 256/454/233 247/445/233
f 247/445/234 256/454/234 254/455/234 245/446/234
f 255/179/235 264/181/235 271/456/235 262/447/235
f 262/447/236 271/456/236 270/457/236 261/448/236
f 261/448/237 270/457/237 269/458/237 260/449/237
f 260/449/238 269/458/238 268/459/238 259/450/238
f 259/451/239 268/460/239 267/461/239 258/452/239
f 258/452/240 267/461/240 266/462/240 257/453/240
f 257/453/241 266/462/241 265/463/241 256/454/241
f 256/454/242 265/463/242 263/464/242 254/455/242
f 264/181/243 273/183/243 280/465/243 271/456/243
f 271/456/244 280/465/244 279/466/244 270/457/244
f 270/457/245 279/466/245 278/467/245 269/458/245
f 269/458/246 278/467/246 277/468/246 268/459/246
f 268/460/247 277/469/247 276/470/247 267/461/247
f 267/461/248 276/470/248 275/471/248 266/462/248
f 266/462/249 275/471/249 274/472/249 265/463/249
f 265/463/250 274/472/250 272/473/250 263/464/250
f 273/183/251 282/185/251 289/474/251 280/465/251
f 280/465/252 289/474/252 288/475/252 279/466/252
f 279/466/253 288/475/253 287/476/253 278/467/253
f 278/467/254 287/476/254 286/477/254 277/468/254
f 277/469/255 286/478/255 285/479/255 276/470/255
f 276/470/256 285/479/256 284/480/256 275/471/256
f 275/471/257 284/480/257 283/481/257 274/472/257
f 274/472/258 283/481/258 281/482/258 272/473/258
f 282/185/259 291/187/259 298/483/259 289/474/259
f 289/474/260 298/483/260 297/484/260 288/475/260
f 288/475/261 297/484/261 296/485/261 287/476/261
f 287/476/262 296/485/262 295/486/262 286/477/262
f 286/478/263 295/487/263 294/488/263 285/479/263
f 285/479/264 294/488/264 293/489/264 284/480/264
f 284/480/265 293/489/265 292/490/265 283/481/265
f 283/481/266 292/490/266 290/491/266 281/482/266
f 291/187/267 300/492/267 307/493/267 298/483/267
f 298/483/268 307/493/268 306/494/268 297/484/268
f 297/484/269 306/494/269 305/495/269 296/485/269
f 296/496/270 305/497/270 304/498/270 295/487/270
f 295/487/271 304/498/271 303/499/271 294/488/271
f 294/488/272 303/499/272 302/500/272 293/489/272
f 293/489/273 302/500/273 301/501/273 292/490/273
f 292/490/274 301/501/274 299/502/274 290/491/274
f 300/191/275 309/193/275 316/503/275 307/504/275
f 307/504/276 316/503/276 315/505/276 306/506/276
f 306/506/277 315/505/277 314/507/277 305/508/277
f 305/508/278 314/507/278 313/509/278 304/510/278
f 304/498/279 313/511/279 312/512/279 303/499/279
f 303/499/280 312/512/280 311/513/280 302/500/280
f 302/500/281 311/513/281 310/514/281 301/501/281
f 301/501/282 310/514/282 308/515/282 299/502/282
f 309/193/283 318/195/283 325/516/283 316/503/283
f 316/503/284 325/516/284 324/517/284 315/505/284
f 315/505/285 324/517/285 323/518/285 314/507/285
f 314/507/286 323/518/286 322/519/286 313/509/286
f 313/511/287 322/520/287 321/521/287 312/512/287
f 312/512/288 321/521/288 320/522/288 311/513/288
f 311/513/289 320/522/289 319/523/289 310/514/289
f 310/514/290 319/523/290 317/524/290 308/515/290
f 318/195/291 327/197/291 334/525/291 325/516/291
f 325/516/292 334/525/292 333/526/292 324/517/292
f 324/517/293 333/526/293 332/527/293 323/518/293
f 323/518/294 332/527/294 331/528/294 322/519/294
f 322/520/295 331/529/295 330/530/295 321/521/295
f 321/521/296 330/530/296 329/531/296 320/522/296
f 320/522/297 329/531/297 328/532/297 319/523/297
f 319/523/298 328/532/298 326/533/298 317/524/298
f 327/197/299 336/199/299 343/534/299 334/525/299
f 334/525/300 343/534/300 342/535/300 333/526/300
f 333/526/301 342/535/301 341/536/301 332/527/301
f 332/527/302 341/536/302 340/537/302 331/528/302
f 331/529/303 340/538/303 339/539/303 330/530/303
f 330/530/304 339/539/304 338/540/304 329/531/304
f 329/531/305 338/540/305 337/541/305 328/532/305
f 328/532/306 337/541/306 335/542/306 326/533/306
f 336/199/307 345/201/307 352/543/307 343/534/307
f 343/534/308 352/543/308 351/544/308 342/535/308
f 342/535/309 351/544/309 350/545/309 341/536/309
f 341/536/310 350/545/310 349/546/310 340/537/310
f 340/538/311 349/547/311 348/548/311 339/539/311
f 339/539/312 348/548/312 347/549/312 338/540/312
f 338/540/313 347/549/313 346/550/313 337/541/313
f 337/541/314 346/550/314 344/551/314 335/542/314
f 345/201/315 66/207/315 73/243/315 352/543/315
f 352/543/316 73/243/316 72/245/316 351/544/316
f 351/544/317 72/245/317 71/247/317 350/545/317
f 350/545/318 71/247/318 70/249/318 349/546/318
f 349/547/319 70/250/319 69/253/319 348/548/319
f 348/548/320 69/253/320 68/255/320 347/549/320
f 347/549/321 68/255/321 67/257/321 346/550/321
f 346/550/322 67/257/322 65/259/322 344/551/322
f 164/552/44 173/553/44 813/554/44 822/555/44
f 363/135/323 353/206/323 355/556/323 370/557/323
f 370/557/324 355/556/324 356/558/324 369/559/324
f 369/559/325 356/558/325 357/560/325 368/561/325
f 368/562/326 357/563/326 358/564/326 367/565/326
f 367/565/327 358/564/327 359/566/327 366/567/327
f 366/567/328 359/566/328 360/568/328 365/569/328
f 365/569/329 360/568/329 361/570/329 364/571/329
f 364/571/330 361/570/330 354/211/330 362/210/330
f 372/209/331 363/572/331 370/573/331 379/574/331
f 379/574/332 370/573/332 369/575/332 378/576/332
f 378/576/333 369/575/333 368/577/333 377/578/333
f 377/579/334 368/562/334 367/565/334 376/580/334
f 376/580/335 367/565/335 366/567/335 375/581/335
f 375/581/336 366/567/336 365/569/336 374/582/336
f 374/582/337 365/569/337 364/571/337 373/583/337
f 373/583/338 364/571/338 362/210/338 371/241/338
f 381/139/339 372/209/339 379/574/339 388/584/339
f 388/584/340 379/574/340 378/576/340 387/585/340
f 387/585/341 378/576/341 377/578/341 386/586/341
f 386/587/342 377/579/342 376/580/342 385/588/342
f 385/588/343 376/580/343 375/581/343 384/589/343
f 384/589/344 375/581/344 374/582/344 383/590/344
f 383/590/345 374/582/345 373/583/345 382/591/345
f 382/591/346 373/583/346 371/241/346 380/240/346
f 390/140/347 381/139/347 388/584/347 397/592/347
f 397/592/348 388/584/348 387/585/348 396/593/348
f 396/593/349 387/585/349 386/586/349 395/594/349
f 395/594/350 386/586/350 385/595/350 394/596/350
f 394/597/351 385/588/351 384/589/351 393/598/351
f 393/598/352 384/589/352 383/590/352 392/599/352
f 392/599/353 383/590/353 382/591/353 391/600/353
f 391/600/354 382/591/354 380/240/354 389/239/354
f 399/142/355 390/140/355 397/592/355 406/601/355
f 406/601/356 397/592/356 396/593/356 405/602/356
f 405/602/357 396/593/357 395/594/357 404/603/357
f 404/603/358 395/594/358 394/596/358 403/604/358
f 403/605/359 394/597/359 393/598/359 402/606/359
f 402/606/360 393/598/360 392/599/360 401/607/360
f 401/607/361 392/599/361 391/600/361 400/608/361
f 400/608/362 391/600/362 389/239/362 398/238/362
f 408/144/363 399/142/363 406/601/363 415/609/363
f 415/609/364 406/601/364 405/602/364 414/610/364
f 414/610/365 405/602/365 404/603/365 413/611/365
f 413/611/366 404/603/366 403/604/366 412/612/366
f 412/613/367 403/605/367 402/606/367 411/614/367
f 411/614/368 402/606/368 401/607/368 410/615/368
f 410/615/369 401/607/369 400/608/369 409/616/369
f 409/616/370 400/608/370 398/238/370 407/237/370
f 417/146/371 408/144/371 415/609/371 424/617/371
f 424/617/372 415/609/372 414/610/372 423/618/372
f 423/618/373 414/610/373 413/611/373 422/619/373
f 422/619/374 413/611/374 412/612/374 421/620/374
f 421/621/375 412/613/375 411/614/375 420/622/375
f 420/622/376 411/614/376 410/615/376 419/623/376
f 419/623/377 410/615/377 409/616/377 418/624/377
f 418/624/378 409/616/378 407/237/378 416/236/378
f 426/148/379 417/146/379 424/617/379 433/625/379
f 433/625/380 424/617/380 423/618/380 432/626/380
f 432/626/381 423/618/381 422/619/381 431/627/381
f 431/627/382 422/619/382 421/620/382 430/628/382
f 430/629/383 421/621/383 420/622/383 429/630/383
f 429/630/384 420/622/384 419/623/384 428/631/384
f 428/631/385 419/623/385 418/624/385 427/632/385
f 427/632/386 418/624/386 416/236/386 425/235/386
f 435/150/387 426/148/387 433/625/387 442/633/387
f 442/633/388 433/625/388 432/626/388 441/634/388
f 441/634/389 432/626/389 431/627/389 440/635/389
f 440/636/390 431/637/390 430/629/390 439/638/390
f 439/638/391 430/629/391 429/630/391 438/639/391
f 438/639/392 429/630/392 428/631/392 437/640/392
f 437/640/393 428/631/393 427/632/393 436/641/393
f 436/641/394 427/632/394 425/235/394 434/234/394
f 444/154/395 435/153/395 442/642/395 451/643/395
f 451/643/396 442/642/396 441/644/396 450/645/396
f 450/645/397 441/644/397 440/646/397 449/647/397
f 449/648/398 440/636/398 439/638/398 448/649/398
f 448/649/399 439/638/399 438/639/399 447/650/399
f 447/650/400 438/639/400 437/640/400 446/651/400
f 446/651/401 437/640/401 436/641/401 445/652/401
f 445/652/402 436/641/402 434/234/402 443/233/402
f 453/156/403 444/154/403 451/643/403 460/653/403
f 460/653/404 451/643/404 450/645/404 459/654/404
f 459/654/405 450/645/405 449/647/405 458/655/405
f 458/656/406 449/648/406 448/649/406 457/657/406
f 457/657/407 448/649/407 447/650/407 456/658/407
f 456/658/408 447/650/408 446/651/408 455/659/408
f 455/659/409 446/651/409 445/652/409 454/660/409
f 454/660/410 445/652/410 443/233/410 452/232/410
f 462/158/411 453/156/411 460/653/411 469/661/411
f 469/661/412 460/653/412 459/654/412 468/662/412
f 468/662/413 459/654/413 458/655/413 467/663/413
f 467/663/414 458/655/414 457/664/414 466/665/414
f 466/666/415 457/657/415 456/658/415 465/667/415
f 465/667/416 456/658/416 455/659/416 464/668/416
f 464/668/417 455/659/417 454/660/417 463/669/417
f 463/669/418 454/660/418 452/232/418 461/231/418
f 471/160/419 462/158/419 469/661/419 478/670/419
f 478/670/420 469/661/420 468/662/420 477/671/420
f 477/671/421 468/662/421 467/663/421 476/672/421
f 476/672/422 467/663/422 466/665/422 475/673/422
f 475/674/423 466/666/423 465/667/423 474/675/423
f 474/675/424 465/667/424 464/668/424 473/676/424
f 473/676/425 464/668/425 463/669/425 472/677/425
f 472/677/426 463/669/426 461/231/426 470/230/426
f 480/162/427 471/160/427 478/670/427 487/678/427
f 487/678/428 478/670/428 477/671/428 486/679/428
f 486/679/429 477/671/429 476/672/429 485/680/429
f 485/680/430 476/672/430 475/673/430 484/681/430
f 484/682/431 475/674/431 474/675/431 483/683/431
f 483/683/432 474/675/432 473/676/432 482/684/432
f 482/684/433 473/676/433 472/677/433 481/685/433
f 481/685/434 472/677/434 470/230/434 479/229/434
f 489/164/435 480/162/435 487/678/435 496/686/435
f 496/686/436 487/678/436 486/679/436 495/687/436
f 495/687/437 486/679/437 485/680/437 494/688/437
f 494/688/438 485/680/438 484/681/438 493/689/438
f 493/690/439 484/682/439 483/683/439 492/691/439
f 492/691/440 483/683/440 482/684/440 491/692/440
f 491/692/441 482/684/441 481/685/441 490/693/441
f 490/693/442 481/685/442 479/229/442 488/228/442
f 498/166/443 489/164/443 496/686/443 505/694/443
f 505/694/444 496/686/444 495/687/444 504/695/444
f 504/695/445 495/687/445 494/688/445 503/696/445
f 503/696/446 494/688/446 493/689/446 502/697/446
f 502/698/447 493/690/447 492/691/447 501/699/447
f 501/699/448 492/691/448 491/692/448 500/700/448
f 500/700/449 491/692/449 490/693/449 499/701/449
f 499/701/450 490/693/450 488/228/450 497/227/450
f 507/168/451 498/166/451 505/694/451 514/702/451
f 514/702/452 505/694/452 504/695/452 513/703/452
f 513/703/453 504/695/453 503/696/453 512/704/453
f 512/705/454 503/706/454 502/698/454 511/707/454
f 511/707/455 502/698/455 501/699/455 510/708/455
f 510/708/456 501/699/456 500/700/456 509/709/456
f 509/709/457 500/700/457 499/701/457 508/710/457
f 508/710/458 499/701/458 497/227/458 506/226/458
f 516/173/459 507/711/459 514/712/459 523/713/459
f 523/713/460 514/712/460 513/714/460 522/715/460
f 522/715/461 513/714/461 512/716/461 521/717/461
f 521/718/462 512/705/462 511/707/462 520/719/462
f 520/719/463 511/707/463 510/708/463 519/720/463
f 519/720/464 510/708/464 509/709/464 518/721/464
f 518/721/465 509/709/465 508/710/465 517/722/465
f 517/722/466 508/710/466 506/226/466 515/225/466
f 525/174/467 516/173/467 523/713/467 532/723/467
f 532/723/468 523/713/468 522/715/468 531/724/468
f 531/724/469 522/715/469 521/717/469 530/725/469
f 530/726/470 521/718/470 520/719/470 529/727/470
f 529/727/471 520/719/471 519/720/471 528/728/471
f 528/728/472 519/720/472 518/721/472 527/729/472
f 527/729/473 518/721/473 517/722/473 526/730/473
f 526/730/474 517/722/474 515/225/474 524/224/474
f 534/176/475 525/174/475 532/723/475 541/731/475
f 541/731/476 532/723/476 531/724/476 540/732/476
f 540/732/477 531/724/477 530/725/477 539/733/477
f 539/733/478 530/725/478 529/734/478 538/735/478
f 538/736/479 529/727/479 528/728/479 537/737/479
f 537/737/480 528/728/480 527/729/480 536/738/480
f 536/738/481 527/729/481 526/730/481 535/739/481
f 535/739/482 526/730/482 524/224/482 533/223/482
f 543/178/483 534/176/483 541/731/483 550/740/483
f 550/740/484 541/731/484 540/732/484 549/741/484
f 549/741/485 540/732/485 539/733/485 548/742/485
f 548/742/486 539/733/486 538/735/486 547/743/486
f 547/744/487 538/736/487 537/737/487 546/745/487
f 546/745/488 537/737/488 536/738/488 545/746/488
f 545/746/489 536/738/489 535/739/489 544/747/489
f 544/747/490 535/739/490 533/223/490 542/222/490
f 552/180/491 543/178/491 550/740/491 559/748/491
f 559/748/492 550/740/492 549/741/492 558/749/492
f 558/749/493 549/741/493 548/742/493 557/750/493
f 557/750/494 548/742/494 547/743/494 556/751/494
f 556/752/495 547/744/495 546/745/495 555/753/495
f 555/753/496 546/745/496 545/746/496 554/754/496
f 554/754/497 545/746/497 544/747/497 553/755/497
f 553/755/498 544/747/498 542/222/498 551/221/498
f 561/182/499 552/180/499 559/748/499 568/756/499
f 568/756/500 559/748/500 558/749/500 567/757/500
f 567/757/501 558/749/501 557/750/501 566/758/501
f 566/758/502 557/750/502 556/751/502 565/759/502
f 565/760/503 556/752/503 555/753/503 564/761/503
f 564/761/504 555/753/504 554/754/504 563/762/504
f 563/762/505 554/754/505 553/755/505 562/763/505
f 562/763/506 553/755/506 551/221/506 560/220/506
f 570/184/507 561/182/507 568/756/507 577/764/507
f 577/764/508 568/756/508 567/757/508 576/765/508
f 576/765/509 567/757/509 566/758/509 575/766/509
f 575/766/510 566/758/510 565/759/510 574/767/510
f 574/768/511 565/760/511 564/761/511 573/769/511
f 573/769/512 564/761/512 563/762/512 572/770/512
f 572/770/513 563/762/513 562/763/513 571/771/513
f 571/771/514 562/763/514 560/220/514 569/219/514
f 579/186/515 570/184/515 577/764/515 586/772/515
f 586/772/516 577/764/516 576/765/516 585/773/516
f 585/773/517 576/765/517 575/766/517 584/774/517
f 584/775/518 575/776/518 574/768/518 583/777/518
f 583/777/519 574/768/519 573/769/519 582/778/519
f 582/778/520 573/769/520 572/770/520 581/779/520
f 581/779/521 572/770/521 571/771/521 580/780/521
f 580/780/522 571/771/522 569/219/522 578/218/522
f 588/190/523 579/189/523 586/781/523 595/782/523
f 595/782/524 586/781/524 585/783/524 594/784/524
f 594/784/525 585/783/525 584/785/525 593/786/525
f 593/787/526 584/775/526 583/777/526 592/788/526
f 592/788/527 583/777/527 582/778/527 591/789/527
f 591/789/528 582/778/528 581/779/528 590/790/528
f 590/790/529 581/779/529 580/780/529 589/791/529
f 589/791/530 580/780/530 578/218/530 587/217/530
f 597/192/531 588/190/531 595/782/531 604/792/531
f 604/792/532 595/782/532 594/784/532 603/793/532
f 603/793/533 594/784/533 593/786/533 602/794/533
f 602/795/534 593/787/534 592/788/534 601/796/534
f 601/796/535 592/788/535 591/789/535 600/797/535
f 600/797/536 591/789/536 590/790/536 599/798/536
f 599/798/537 590/790/537 589/791/537 598/799/537
f 598/799/538 589/791/538 587/217/538 596/216/538
f 606/194/539 597/192/539 604/792/539 613/800/539
f 613/800/540 604/792/540 603/793/540 612/801/540
f 612/801/541 603/793/541 602/794/541 611/802/541
f 611/802/542 602/794/542 601/803/542 610/804/542
f 610/805/543 601/796/543 600/797/543 609/806/543
f 609/806/544 600/797/544 599/798/544 608/807/544
f 608/807/545 599/798/545 598/799/545 607/808/545
f 607/808/546 598/799/546 596/216/546 605/215/546
f 615/196/547 606/194/547 613/800/547 622/809/547
f 622/809/548 613/800/548 612/801/548 621/810/548
f 621/810/549 612/801/549 611/802/549 620/811/549
f 620/811/550 611/802/550 610/804/550 619/812/550
f 619/813/551 610/805/551 609/806/551 618/814/551
f 618/814/552 609/806/552 608/807/552 617/815/552
f 617/815/553 608/807/553 607/808/553 616/816/553
f 616/816/554 607/808/554 605/215/554 614/214/554
f 624/198/555 615/196/555 622/809/555 631/817/555
f 631/817/556 622/809/556 621/810/556 630/818/556
f 630/818/557 621/810/557 620/811/557 629/819/557
f 629/819/558 620/811/558 619/812/558 628/820/558
f 628/821/559 619/813/559 618/814/559 627/822/559
f 627/822/560 618/814/560 617/815/560 626/823/560
f 626/823/561 617/815/561 616/816/561 625/824/561
f 625/824/562 616/816/562 614/214/562 623/213/562
f 633/200/563 624/198/563 631/817/563 640/825/563
f 640/825/564 631/817/564 630/818/564 639/826/564
f 639/826/565 630/818/565 629/819/565 638/827/565
f 638/827/566 629/819/566 628/820/566 637/828/566
f 637/829/567 628/821/567 627/822/567 636/830/567
f 636/830/568 627/822/568 626/823/568 635/831/568
f 635/831/569 626/823/569 625/824/569 634/832/569
f 634/832/570 625/824/570 623/213/570 632/212/570
f 353/206/571 633/200/571 640/825/571 355/556/571
f 355/556/572 640/825/572 639/826/572 356/558/572
f 356/558/573 639/826/573 638/827/573 357/560/573
f 357/560/574 638/827/574 637/828/574 358/833/574
f 358/564/575 637/829/575 636/830/575 359/566/575
f 359/566/576 636/830/576 635/831/576 360/568/576
f 360/568/577 635/831/577 634/832/577 361/570/577
f 361/570/578 634/832/578 632/212/578 354/211/578
f 66/207/579 353/206/579 363/135/579 75/134/579
f 299/834/59 308/835/59 678/836/59 687/837/59
f 65/838/579 74/839/579 921/840/579 912/841/579
f 200/842/48 209/843/48 777/844/48 786/845/48
f 101/846/37 110/847/37 876/848/37 885/849/37
f 236/850/52 245/851/52 741/852/52 750/853/52
f 137/854/41 146/855/41 840/856/41 849/857/41
f 272/858/56 281/859/56 705/860/56 714/861/56
f 173/553/45 182/862/45 804/863/45 813/554/45
f 308/835/60 317/864/60 669/865/60 678/836/60
f 74/839/35 83/866/35 903/867/35 921/840/35
f 209/843/49 218/868/49 768/869/49 777/844/49
f 110/847/38 119/870/38 867/871/38 876/848/38
f 245/851/53 254/872/53 732/873/53 741/852/53
f 146/855/42 155/874/42 831/875/42 840/856/42
f 281/859/57 290/876/57 696/877/57 705/860/57
f 911/878/580 920/879/580 902/880/580 893/881/580 884/882/580 875/883/580 866/884/580 857/885/580 848/886/580 839/887/580 830/888/580 821/889/580 812/890/580 803/891/580 794/892/580 785/893/580 776/894/580 767/895/580 758/896/580 749/897/580 740/898/580 731/899/580 722/900/580 713/901/580 704/902/580 695/903/580 686/904/580 677/905/580 668/906/580 659/907/580 650/908/580 641/909/580
f 182/862/46 191/910/46 795/911/46 804/863/46
f 317/864/61 326/202/61 660/205/61 669/865/61
f 83/912/65 92/913/65 894/914/65 903/915/65
f 218/868/50 227/916/50 759/917/50 768/869/50
f 119/870/39 128/918/39 858/919/39 867/871/39
f 254/872/54 263/920/54 723/921/54 732/873/54
f 155/922/43 164/552/43 822/555/43 831/923/43
f 290/876/58 299/924/58 687/925/58 696/877/58
f 191/910/47 200/842/47 786/845/47 795/911/47
f 344/926/64 65/838/64 912/841/64 642/927/64
f 92/913/36 101/846/36 885/849/36 894/914/36
f 227/928/51 236/850/51 750/853/51 759/929/51
f 128/918/40 137/854/40 849/857/40 858/919/40
f 263/920/55 272/858/55 714/861/55 723/921/55
f 641/909/314 650/908/314 652/930/314 643/931/314
f 643/931/313 652/930/313 653/932/313 644/933/313
f 644/933/312 653/932/312 654/934/312 645/935/312
f 645/935/311 654/934/311 655/936/311 646/937/311
f 646/938/310 655/939/310 656/940/310 647/941/310
f 647/941/309 656/940/309 657/942/309 648/943/309
f 648/943/308 657/942/308 658/944/308 649/945/308
f 649/945/307 658/944/307 651/946/307 642/947/307
f 659/907/298 668/906/298 670/948/298 661/949/298
f 661/949/297 670/948/297 671/950/297 662/951/297
f 662/951/296 671/950/296 672/952/296 663/953/296
f 663/953/295 672/952/295 673/954/295 664/955/295
f 664/956/294 673/957/294 674/958/294 665/959/294
f 665/959/293 674/958/293 675/960/293 666/961/293
f 666/961/292 675/960/292 676/962/292 667/963/292
f 667/963/291 676/962/291 669/964/291 660/965/291
f 677/905/282 686/904/282 688/966/282 679/967/282
f 679/967/281 688/966/281 689/968/281 680/969/281
f 680/969/280 689/968/280 690/970/280 681/971/280
f 681/971/581 690/970/581 691/972/581 682/973/581
f 682/974/278 691/975/278 692/976/278 683/977/278
f 683/977/277 692/976/277 693/978/277 684/979/277
f 684/979/276 693/978/276 694/980/276 685/981/276
f 685/981/275 694/980/275 687/982/275 678/983/275
f 695/903/266 704/902/266 706/984/266 697/985/266
f 697/985/265 706/984/265 707/986/265 698/987/265
f 698/987/264 707/986/264 708/988/264 699/989/264
f 699/989/263 708/988/263 709/990/263 700/991/263
f 700/992/262 709/993/262 710/994/262 701/995/262
f 701/995/261 710/994/261 711/996/261 702/997/261
f 702/997/260 711/996/260 712/998/260 703/999/260
f 703/999/259 712/998/259 705/1000/259 696/1001/259
f 713/901/250 722/900/250 724/1002/250 715/1003/250
f 715/1003/249 724/1002/249 725/1004/249 716/1005/249
f 716/1005/248 725/1004/248 726/1006/248 717/1007/248
f 717/1007/247 726/1006/247 727/1008/247 718/1009/247
f 718/1010/246 727/1011/246 728/1012/246 719/1013/246
f 719/1013/245 728/1012/245 729/1014/245 720/1015/245
f 720/1015/244 729/1014/244 730/1016/244 721/1017/244
f 721/1017/243 730/1016/243 723/1018/243 714/1019/243
f 731/899/234 740/898/234 742/1020/234 733/1021/234
f 733/1021/233 742/1020/233 743/1022/233 734/1023/233
f 734/1023/232 743/1022/232 744/1024/232 735/1025/232
f 735/1025/231 744/1024/231 745/1026/231 736/1027/231
f 736/1028/230 745/1029/230 746/1030/230 737/1031/230
f 737/1031/229 746/1030/229 747/1032/229 738/1033/229
f 738/1033/228 747/1032/228 748/1034/228 739/1035/228
f 739/1035/227 748/1034/227 741/1036/227 732/1037/227
f 749/897/218 758/896/218 760/1038/218 751/1039/218
f 751/1039/217 760/1038/217 761/1040/217 752/1041/217
f 752/1041/216 761/1040/216 762/1042/216 753/1043/216
f 753/1043/582 762/1042/582 763/1044/582 754/1045/582
f 754/1046/214 763/1047/214 764/1048/214 755/1049/214
f 755/1049/213 764/1048/213 765/1050/213 756/1051/213
f 756/1051/212 765/1050/212 766/1052/212 757/1053/212
f 757/1053/211 766/1052/211 759/1054/211 750/1055/211
f 767/895/202 776/894/202 778/1056/202 769/1057/202
f 769/1057/201 778/1056/201 779/1058/201 770/1059/201
f 770/1059/200 779/1058/200 780/1060/200 771/1061/200
f 771/1061/199 780/1060/199 781/1062/199 772/1063/199
f 772/1064/198 781/1065/198 782/1066/198 773/1067/198
f 773/1067/197 782/1066/197 783/1068/197 774/1069/197
f 774/1069/196 783/1068/196 784/1070/196 775/1071/196
f 775/1071/195 784/1070/195 777/1072/195 768/1073/195
f 785/893/186 794/892/186 796/1074/186 787/1075/186
f 787/1075/185 796/1074/185 797/1076/185 788/1077/185
f 788/1077/184 797/1076/184 798/1078/184 789/1079/184
f 789/1079/183 798/1078/183 799/1080/183 790/1081/183
f 790/1082/182 799/1083/182 800/1084/182 791/1085/182
f 791/1085/181 800/1084/181 801/1086/181 792/1087/181
f 792/1087/180 801/1086/180 802/1088/180 793/1089/180
f 793/1089/179 802/1088/179 795/1090/179 786/1091/179
f 803/891/170 812/890/170 814/1092/170 805/1093/170
f 805/1093/169 814/1092/169 815/1094/169 806/1095/169
f 806/1095/168 815/1094/168 816/1096/168 807/1097/168
f 807/1097/167 816/1096/167 817/1098/167 808/1099/167
f 808/1100/166 817/1101/166 818/1102/166 809/1103/166
f 809/1103/165 818/1102/165 819/1104/165 810/1105/165
f 810/1105/164 819/1104/164 820/1106/164 811/1107/164
f 811/1107/163 820/1106/163 813/1108/163 804/1109/163
f 821/889/154 830/888/154 832/1110/154 823/1111/154
f 823/1111/153 832/1110/153 833/1112/153 824/1113/153
f 824/1113/152 833/1112/152 834/1114/152 825/1115/152
f 825/1115/151 834/1114/151 835/1116/151 826/1117/151
f 826/1118/150 835/1119/150 836/1120/150 827/1121/150
f 827/1121/149 836/1120/149 837/1122/149 828/1123/149
f 828/1123/148 837/1122/148 838/1124/148 829/1125/148
f 829/1125/147 838/1124/147 831/1126/147 822/1127/147
f 839/887/138 848/886/138 850/1128/138 841/1129/138
f 841/1129/137 850/1128/137 851/1130/137 842/1131/137
f 842/1131/136 851/1130/136 852/1132/136 843/1133/136
f 843/1133/135 852/1132/135 853/1134/135 844/1135/135
f 844/1136/134 853/1137/134 854/1138/134 845/1139/134
f 845/1139/133 854/1138/133 855/1140/133 846/1141/133
f 846/1141/132 855/1140/132 856/1142/132 847/1143/132
f 847/1143/131 856/1142/131 849/1144/131 840/1145/131
f 857/885/122 866/884/122 868/1146/122 859/1147/122
f 859/1147/121 868/1146/121 869/1148/121 860/1149/121
f 860/1149/120 869/1148/120 870/1150/120 861/1151/120
f 861/1151/119 870/1150/119 871/1152/119 862/1153/119
f 862/1154/118 871/1155/118 872/1156/118 863/1157/118
f 863/1157/117 872/1156/117 873/1158/117 864/1159/117
f 864/1159/116 873/1158/116 874/1160/116 865/1161/116
f 865/1161/115 874/1160/115 867/1162/115 858/1163/115
f 875/883/106 884/882/106 886/1164/106 877/1165/106
f 877/1165/105 886/1164/105 887/1166/105 878/1167/105
f 878/1167/104 887/1166/104 888/1168/104 879/1169/104
f 879/1169/103 888/1168/103 889/1170/103 880/1171/103
f 880/1172/102 889/1173/102 890/1174/102 881/1175/102
f 881/1175/101 890/1174/101 891/1176/101 882/1177/101
f 882/1177/100 891/1176/100 892/1178/100 883/1179/100
f 883/1179/99 892/1178/99 885/1180/99 876/1181/99
f 893/881/90 902/880/90 904/1182/90 895/1183/90
f 895/1183/89 904/1182/89 905/1184/89 896/1185/89
f 896/1185/88 905/1184/88 906/1186/88 897/1187/88
f 897/1187/583 906/1186/583 907/1188/583 898/1189/583
f 898/1190/86 907/1191/86 908/1192/86 899/1193/86
f 899/1193/85 908/1192/85 909/1194/85 900/1195/85
f 900/1195/84 909/1194/84 910/1196/84 901/1197/84
f 901/1197/83 910/1196/83 903/1198/83 894/1199/83
f 920/879/74 911/878/74 913/1200/74 922/1201/74
f 922/1201/73 913/1200/73 914/1202/73 923/1203/73
f 923/1203/72 914/1202/72 915/1204/72 924/1205/72
f 924/1205/71 915/1204/71 916/1206/71 925/1207/71
f 925/1208/70 916/1209/70 917/1210/70 926/1211/70
f 926/1211/69 917/1210/69 918/1212/69 927/1213/69
f 927/1213/68 918/1212/68 919/1214/68 928/1215/68
f 928/1215/67 919/1214/67 912/1216/67 921/1217/67
f 911/878/322 641/909/322 643/931/322 913/1200/322
f 913/1200/321 643/931/321 644/933/321 914/1202/321
f 914/1202/320 644/933/320 645/935/320 915/1204/320
f 915/1204/319 645/935/319 646/937/319 916/1206/319
f 916/1209/318 646/938/318 647/941/318 917/1210/318
f 917/1210/317 647/941/317 648/943/317 918/1212/317
f 918/1212/316 648/943/316 649/945/316 919/1214/316
f 919/1214/315 649/945/315 642/947/315 912/1216/315
f 650/908/306 659/907/306 661/949/306 652/930/306
f 652/930/305 661/949/305 662/951/305 653/932/305
f 653/932/304 662/951/304 663/953/304 654/934/304
f 654/934/584 663/953/584 664/955/584 655/936/584
f 655/939/302 664/956/302 665/959/302 656/940/302
f 656/940/301 665/959/301 666/961/301 657/942/301
f 657/942/300 666/961/300 667/963/300 658/944/300
f 658/944/299 667/963/299 660/965/299 651/946/299
f 668/906/290 677/905/290 679/967/290 670/948/290
f 670/948/289 679/967/289 680/969/289 671/950/289
f 671/950/288 680/969/288 681/971/288 672/952/288
f 672/952/287 681/971/287 682/973/287 673/954/287
f 673/957/286 682/974/286 683/977/286 674/958/286
f 674/958/285 683/977/285 684/979/285 675/960/285
f 675/960/284 684/979/284 685/981/284 676/962/284
f 676/962/283 685/981/283 678/983/283 669/964/283
f 686/904/274 695/903/274 697/985/274 688/966/274
f 688/966/273 697/985/273 698/987/273 689/968/273
f 689/968/272 698/987/272 699/989/272 690/970/272
f 690/970/271 699/989/271 700/991/271 691/972/271
f 691/972/270 700/991/270 701/1218/270 692/1219/270
f 692/1220/269 701/995/269 702/997/269 693/1221/269
f 693/1221/268 702/997/268 703/999/268 694/1222/268
f 694/1222/267 703/999/267 696/1001/267 687/1223/267
f 704/902/258 713/901/258 715/1003/258 706/984/258
f 706/984/257 715/1003/257 716/1005/257 707/986/257
f 707/986/256 716/1005/256 717/1007/256 708/988/256
f 708/988/255 717/1007/255 718/1009/255 709/990/255
f 709/993/254 718/1010/254 719/1013/254 710/994/254
f 710/994/253 719/1013/253 720/1015/253 711/996/253
f 711/996/252 720/1015/252 721/1017/252 712/998/252
f 712/998/251 721/1017/251 714/1019/251 705/1000/251
f 722/900/242 731/899/242 733/1021/242 724/1002/242
f 724/1002/241 733/1021/241 734/1023/241 725/1004/241
f 725/1004/240 734/1023/240 735/1025/240 726/1006/240
f 726/1006/239 735/1025/239 736/1027/239 727/1008/239
f 727/1011/238 736/1028/238 737/1031/238 728/1012/238
f 728/1012/237 737/1031/237 738/1033/237 729/1014/237
f 729/1014/236 738/1033/236 739/1035/236 730/1016/236
f 730/1016/235 739/1035/235 732/1037/235 723/1018/235
f 740/898/226 749/897/226 751/1039/226 742/1020/226
f 742/1020/225 751/1039/225 752/1041/225 743/1022/225
f 743/1022/224 752/1041/224 753/1043/224 744/1024/224
f 744/1024/223 753/1043/223 754/1045/223 745/1026/223
f 745/1029/222 754/1046/222 755/1049/222 746/1030/222
f 746/1030/221 755/1049/221 756/1051/221 747/1032/221
f 747/1032/220 756/1051/220 757/1053/220 748/1034/220
f 748/1034/219 757/1053/219 750/1055/219 741/1036/219
f 758/896/210 767/895/210 769/1057/210 760/1038/210
f 760/1038/209 769/1057/209 770/1059/209 761/1040/209
f 761/1040/208 770/1059/208 771/1061/208 762/1042/208
f 762/1042/207 771/1061/207 772/1063/207 763/1044/207
f 763/1044/206 772/1063/206 773/1224/206 764/1225/206
f 764/1226/205 773/1067/205 774/1069/205 765/1227/205
f 765/1227/204 774/1069/204 775/1071/204 766/1228/204
f 766/1228/203 775/1071/203 768/1073/203 759/1229/203
f 776/894/194 785/893/194 787/1075/194 778/1056/194
f 778/1056/193 787/1075/193 788/1077/193 779/1058/193
f 779/1058/192 788/1077/192 789/1079/192 780/1060/192
f 780/1060/191 789/1079/191 790/1081/191 781/1062/191
f 781/1065/190 790/1082/190 791/1085/190 782/1066/190
f 782/1066/189 791/1085/189 792/1087/189 783/1068/189
f 783/1068/188 792/1087/188 793/1089/188 784/1070/188
f 784/1070/187 793/1089/187 786/1091/187 777/1072/187
f 794/892/178 803/891/178 805/1093/178 796/1074/178
f 796/1074/177 805/1093/177 806/1095/177 797/1076/177
f 797/1076/176 806/1095/176 807/1097/176 798/1078/176
f 798/1078/585 807/1097/585 808/1099/585 799/1080/585
f 799/1083/174 808/1100/174 809/1103/174 800/1084/174
f 800/1084/173 809/1103/173 810/1105/173 801/1086/173
f 801/1086/172 810/1105/172 811/1107/172 802/1088/172
f 802/1088/171 811/1107/171 804/1109/171 795/1090/171
f 812/890/162 821/889/162 823/1111/162 814/1092/162
f 814/1092/161 823/1111/161 824/1113/161 815/1094/161
f 815/1094/160 824/1113/160 825/1115/160 816/1096/160
f 816/1096/159 825/1115/159 826/1117/159 817/1098/159
f 817/1101/158 826/1118/158 827/1121/158 818/1102/158
f 818/1102/157 827/1121/157 828/1123/157 819/1104/157
f 819/1104/156 828/1123/156 829/1125/156 820/1106/156
f 820/1106/155 829/1125/155 822/1127/155 813/1108/155
f 830/888/146 839/887/146 841/1129/146 832/1110/146
f 832/1110/145 841/1129/145 842/1131/145 833/1112/145
f 833/1112/144 842/1131/144 843/1133/144 834/1114/144
f 834/1114/143 843/1133/143 844/1135/143 835/1116/143
f 835/1116/142 844/1135/142 845/1230/142 836/1231/142
f 836/1232/141 845/1139/141 846/1141/141 837/1233/141
f 837/1233/140 846/1141/140 847/1143/140 838/1234/140
f 838/1234/139 847/1143/139 840/1145/139 831/1235/139
f 848/886/130 857/885/130 859/1147/130 850/1128/130
f 850/1128/129 859/1147/129 860/1149/129 851/1130/129
f 851/1130/128 860/1149/128 861/1151/128 852/1132/128
f 852/1132/127 861/1151/127 862/1153/127 853/1134/127
f 853/1137/126 862/1154/126 863/1157/126 854/1138/126
f 854/1138/125 863/1157/125 864/1159/125 855/1140/125
f 855/1140/124 864/1159/124 865/1161/124 856/1142/124
f 856/1142/123 865/1161/123 858/1163/123 849/1144/123
f 866/884/114 875/883/114 877/1165/114 868/1146/114
f 868/1146/113 877/1165/113 878/1167/113 869/1148/113
f 869/1148/112 878/1167/112 879/1169/112 870/1150/112
f 870/1150/111 879/1169/111 880/1171/111 871/1152/111
f 871/1155/110 880/1172/110 881/1175/110 872/1156/110
f 872/1156/109 881/1175/109 882/1177/109 873/1158/109
f 873/1158/108 882/1177/108 883/1179/108 874/1160/108
f 874/1160/107 883/1179/107 876/1181/107 867/1162/107
f 884/882/98 893/881/98 895/1183/98 886/1164/98
f 886/1164/97 895/1183/97 896/1185/97 887/1166/97
f 887/1166/96 896/1185/96 897/1187/96 888/1168/96
f 888/1168/95 897/1187/95 898/1189/95 889/1170/95
f 889/1173/94 898/1190/94 899/1193/94 890/1174/94
f 890/1174/93 899/1193/93 900/1195/93 891/1176/93
f 891/1176/92 900/1195/92 901/1197/92 892/1178/92
f 892/1178/91 901/1197/91 894/1199/91 885/1180/91
f 902/880/82 920/879/82 922/1201/82 904/1182/82
f 904/1182/81 922/1201/81 923/1203/81 905/1184/81
f 905/1184/80 923/1203/80 924/1205/80 906/1186/80
f 906/1186/79 924/1205/79 925/1207/79 907/1188/79
f 907/1188/78 925/1207/78 926/1236/78 908/1237/78
f 908/1238/77 926/1211/77 927/1213/77 909/1239/77
f 909/1239/76 927/1213/76 928/1215/76 910/1240/76
f 910/1240/75 928/1215/75 921/1217/75 903/1241/75
f 335/203/63 344/926/63 642/927/63 651/204/63
